CustomerID,Churn
0002-ORFBO,0
0003-MKNFE,0
0004-TLHLJ,1
0011-IGKFF,1
0013-EXCHZ,1
0013-MHZWF,0
0013-SMEOE,0
0014-BMAQU,0
0015-UOCOJ,0
0016-QLJIS,0
0017-DINOC,0
0017-IUDMW,0
0018-NYROU,0
0019-EFAEP,0
0019-GFNTW,0
0020-INWCK,0
0020-JDNXP,0
0021-IKXGC,0
0022-TCJCI,1
0023-HGHWL,1
0023-UYUPN,0
0023-XUOPT,1
0027-KWYKW,0
0030-FNXPP,0
0031-PVLZI,1
0032-PGELS,1
0036-IHMOT,0
0040-HALCW,0
0042-JVWOJ,0
0042-RLHYP,0
0048-LUMLS,0
0048-PIHNL,0
0052-DCKON,0
0052-YNYOT,0
0056-EPFBG,0
0057-QBUQH,0
0058-EVZWM,0
0060-FUALY,0
0064-SUDOG,0
0064-YIJGF,0
0067-DKWBL,1
0068-FIGTF,0
0071-NDAFP,0
0074-HDKDG,0
0076-LVEPS,0
0078-XZMHT,0
0080-EMYVY,0
0080-OROZO,0
0082-LDZUE,0
0082-OQIQY,0
0083-PIVIK,0
0089-IIQKO,0
0093-EXYQL,0
0093-XWZFY,1
0094-OIFMO,1
0096-BXERS,0
0096-FCPUF,0
0098-BOWSO,0
0100-DUVFC,0
0103-CSITQ,0
0104-PPXDV,0
0106-GHRQR,0
0106-UGRDO,0
0107-WESLM,1
0107-YHINA,1
0111-KLBQG,0
0112-QAWRZ,0
0112-QWPNC,1
0114-IGABW,0
0114-PEGZZ,0
0114-RSRRW,0
0115-TFERT,1
0117-LFRMW,1
0118-JPNOY,0
0121-SNYRK,0
0122-OAHPZ,1
0123-CRBRT,0
0125-LZQXK,1
0128-MKWSG,0
0129-KPTWJ,0
0129-QMPDR,0
0130-SXOUN,0
0133-BMFZO,1
0134-XWXCE,0
0135-NMXAP,1
0136-IFMYD,0
0137-OCGAB,1
0137-UDEUO,1
0139-IVFJG,0
0141-YEAYS,0
0142-GVYSN,0
0147-ESWWR,0
0148-DCDOS,1
0151-ONTOV,1
0156-FVPTA,1
0164-APGRB,0
0164-XAIRP,0
0168-XZKBB,0
0174-QRVVY,0
0177-PXBAT,0
0178-CIIKR,0
0178-SZBHO,0
0181-RITDD,0
0186-CAERR,0
0187-QSXOE,0
0187-WZNAB,0
0188-GWFLE,0
0191-EQUUH,0
0191-ZHSKZ,0
0193-ESZXP,1
0195-IESCP,1
0196-JTUQI,0
0196-VULGZ,1
0197-PNKNK,0
0201-MIBOL,0
0201-OAMXR,1
0203-HHYIJ,1
0206-OYVOC,0
0206-TBWLC,0
0207-MDKNV,1
0208-BPQEJ,0
0212-ISBBF,0
0214-JHPFW,0
0215-BQKGS,0
0218-QNVAS,0
0219-QAERP,0
0219-YTZUE,1
0220-EBGCE,1
0221-NAUXK,0
0221-WMXNQ,0
0222-CNVPT,0
0224-HJAPT,1
0224-NIJLP,0
0224-RLWWD,0
0225-ZORZP,0
0228-MAUWC,0
0229-LFJAF,0
0230-UBYPQ,0
0230-WEQUW,0
0231-LXVAP,1
0233-FTHAV,0
0234-TEVTT,0
0235-KGSLC,1
0236-HFWSV,1
0237-YFUTL,0
0238-WHBIQ,0
0239-OXEXL,0
0244-LGNFY,0
0247-SLUJI,0
0248-IPDFW,0
0248-PGHBZ,0
0253-ZTEOB,0
0254-FNMCI,0
0254-KCJGT,0
0254-WWRKD,0
0256-LTHVJ,1
0257-KXZGU,0
0257-ZESQC,1
0258-NOKBL,0
0259-GBZSH,1
0260-ZDLGK,1
0263-FJTQO,0
0264-CNITK,0
0265-EDXBD,1
0265-PSUAE,0
0266-CLZKZ,0
0266-GMEAO,0
0268-QKIWO,1
0269-XFESX,0
0270-THENM,0
0274-JKUJR,0
0277-BKSQP,0
0277-ORXQS,0
0278-YXOOG,1
0280-XJGEX,1
0281-CNTZX,0
0282-NVSJS,0
0285-INHLN,0
0289-IVARM,0
0292-WEGCH,0
0295-PPHDO,1
0295-QVKPB,0
0297-RBCSG,0
0298-XACET,0
0301-FIDRB,0
0301-KOBTQ,0
0302-JOIVN,1
0303-UNCIP,0
0303-WMMRN,0
0305-SQECB,0
0306-JAELE,1
0307-BCOPK,0
0308-GIQJT,0
0308-IVGOK,0
0310-MVLET,1
0310-SUCIN,0
0310-VQXAM,0
0311-QYWSS,0
0311-UNPFF,1
0314-TKOSI,0
0315-LVCRK,0
0318-QUUOB,1
0318-ZOPWS,0
0319-QZTCO,0
0320-DWVTU,0
0320-JDNQG,1
0322-CHQRU,1
0322-YINQP,1
0323-XWWTN,0
0324-BRPCJ,1
0325-XBFAC,1
0326-VDYXE,0
0327-WFZSY,0
0328-GRPMV,1
0329-GTIAJ,1
0330-BGYZE,0
0330-IVZHA,1
0334-GDDSO,1
0334-ZFJSR,0
0336-KXKFK,0
0336-PIKEI,0
0337-CNPZE,1
0343-QLUZP,0
0345-HKJVM,1
0345-XMMUG,0
0347-UBKUZ,0
0348-SDKOL,1
0354-VXMJC,0
0354-WYROK,1
0356-ERHVT,0
0356-OBMAC,0
0357-NVCRI,0
0361-HJRDX,0
0362-RAOQO,0
0362-ZBZWJ,1
0363-QJVFX,1
0363-SVHYR,0
0365-BZUWY,0
0365-GXEZS,0
0365-TRTPY,0
0366-NQSHS,0
0369-ZGOVK,0
0373-AIVNJ,0
0374-AACSZ,0
0374-FIUCA,0
0374-IOEGQ,0
0375-HVGXO,1
0376-OIWME,0
0376-YMCJC,1
0377-JBKKT,0
0378-CJKPV,0
0378-NHQXU,1
0378-TOVMS,1
0378-XSZPU,1
0379-DJQHR,0
0380-NEAVX,0
0380-ZCSBI,0
0383-CLDDA,0
0384-LPITE,0
0384-RVBPI,0
0386-CWRGM,0
0388-EOPEX,1
0390-DCFDQ,1
0392-BZIUW,0
0394-YONDK,0
0396-HUJBP,0
0396-UKGAI,0
0396-YCHWO,0
0397-GZBBC,1
0397-ZXWQF,0
0401-WDBXM,0
0402-CQAJN,1
0402-OAMEN,0
0404-AHASP,0
0404-SWRVG,1
0406-BPDVR,1
0407-BDJKB,1
0409-WTMPL,0
0410-IPFTY,0
0411-EZJZE,0
0412-UCCNP,0
0415-MOSGF,1
0419-YAAPX,0
0420-BWTPW,1
0420-HLGXF,0
0420-TXVSG,0
0422-OHQHQ,0
0422-UXFAP,0
0423-UDIJQ,0
0426-TIRNE,1
0428-AXXLJ,0
0428-IKYCP,0
0430-IHCDJ,0
0431-APWVY,1
0432-CAJZV,0
0434-CSFON,0
0436-TWFFZ,0
0439-IFYUN,0
0440-EKDCF,0
0440-MOGPM,0
0440-QEXBZ,0
0440-UEDAI,0
0442-TDYUO,0
0442-ZXKVS,0
0447-BEMNG,1
0447-RXSGD,0
0454-OKRCT,0
0455-ENTCR,0
0455-XFASS,0
0458-HEUZG,0
0459-SPZHJ,0
0461-CVKMU,1
0463-TXOAK,0
0463-WZZKO,0
0463-ZSDNT,0
0464-WJTKO,0
0468-YRPXN,0
0471-ARVMX,0
0471-LVHGK,1
0475-RIJEP,1
0479-HMSWA,0
0480-BIXDE,0
0480-KYJVA,0
0481-SUMCB,0
0484-FFVBJ,0
0484-JPBRU,0
0485-ZBSLN,0
0486-HECZI,1
0486-LGCCH,0
0487-CRLZF,0
0487-RPVUM,0
0487-VVUVK,0
0488-GSLFR,1
0489-WMEMG,0
0491-KAPQG,0
0495-RVCBF,1
0495-ZBNGW,1
0496-AHOOK,0
0504-HHAPI,1
0505-SPOOW,0
0506-LVNGN,1
0506-YLVKJ,0
0508-OOLTO,0
0508-SQWPL,0
0511-JTEOY,1
0512-FLFDW,0
0513-RBGPE,0
0515-YPMCW,1
0516-OOHAR,0
0516-QREYC,0
0516-UXRMT,0
0516-VRYBW,1
0516-WJVXC,1
0519-DRGTI,0
0519-XUZJU,1
0520-FDVVT,1
0523-VNGTF,0
0524-IAVZO,1
0526-SXDJP,0
0529-ONKER,1
0530-IJVDB,0
0531-XBKMM,0
0531-ZZJWQ,0
0533-BNWKF,1
0533-UCAAU,0
0536-ACXIP,0
0536-BGFMZ,0
0536-ESJEP,0
0537-QYZZN,0
0541-FITGH,0
0547-HURJB,0
0549-CYCQN,0
0550-DCXLH,0
0556-FJEGU,0
0557-ASKVU,0
0559-CKHUS,0
0562-FGDCR,0
0562-HKHML,0
0562-KBDVM,0
0564-JJHGS,1
0564-MUUQK,0
0565-IYCGT,1
0565-JUPYD,0
0567-GGCAC,0
0567-XRHCU,0
0568-ONFPC,1
0570-BFQHT,0
0572-ZJKLT,0
0575-CUQOV,0
0576-WNXXC,1
0577-WHMEV,0
0578-SKVMF,1
0580-PIQHM,0
0581-BXBUB,0
0581-MDMPW,0
0582-AVCLN,0
0584-BJQGZ,0
0585-EGDDA,0
0587-DMGBH,1
0594-UFTUL,0
0595-ITUDF,0
0596-BQCEQ,1
0599-XNYDO,0
0601-WZHJF,1
0602-DDUML,0
0603-OLQDC,0
0603-TPMIB,0
0604-THJFP,0
0607-DAAHE,1
0607-MVMGC,0
0608-JDVEC,0
0611-DFXKO,1
0612-RTZZA,1
0613-WUXUM,0
0616-ATFGB,1
0617-AQNWT,1
0617-FHSGK,1
0618-XWMSS,1
0619-OLYUR,0
0620-DLSLK,0
0620-XEFWH,0
0621-CXBKL,0
0621-HJWXJ,0
0621-JFHOL,0
0621-TSSMU,0
0621-TWIEM,1
0623-EJQEG,0
0623-GDISB,0
0623-IIHUG,1
0625-AFOHS,0
0626-QXNGV,0
0628-CNQRM,1
0634-SZPQA,1
0635-WKOLD,0
0637-KVDLV,1
0637-UBJRP,1
0637-YLETY,1
0639-TSIQW,1
0640-YJTPY,0
0641-EVBOJ,0
0643-OKLRP,1
0644-OQMDK,0
0650-BWOZN,0
0654-HMSHN,1
0654-PQKDW,0
0655-RBDUG,1
0655-YDGFJ,0
0657-DOGUM,0
0661-KBKPA,0
0661-KQHNK,0
0661-WCQNQ,0
0661-XEYAN,1
0665-XHDJU,0
0666-UXTJO,0
0667-NSRGI,0
0668-OGMHD,0
0670-ANMUU,0
0670-KDOMA,0
0673-IGUQO,0
0674-DGMAQ,0
0674-EYYZV,0
0674-GCDXG,0
0675-NCDYU,0
0678-RLHVP,0
0679-IDSTG,1
0679-TDGAK,0
0680-DFNNY,1
0682-USIXD,0
0684-AOSIH,1
0685-MLYYM,1
0687-ZVTHB,1
0689-DSXGL,0
0689-NKYLF,1
0690-SRQID,0
0691-IFBQW,1
0691-JVSYA,1
0691-NIKRI,0
0696-UKTOX,0
0697-ZMSWS,1
0699-NDKJM,0
0701-RFGFI,0
0701-TJSEF,0
0702-PGIBZ,1
0704-VCUMB,0
0707-HOVVN,0
0708-LGSMF,0
0708-SJDIS,0
0709-TVGUR,1
0716-BQNDX,0
0719-SYFRB,1
0722-SVSFK,0
0722-TROQR,1
0723-DRCLG,1
0723-FDLAY,0
0723-VSOBE,0
0725-CXOTM,0
0727-BMPLR,1
0727-BNRLG,0
0727-IWKVK,1
0730-BGQGF,0
0730-KOAVE,0
0731-EBJQB,0
0732-OCQOC,0
0733-VUNUW,1
0734-OXWBT,0
0739-UUAJR,0
0742-LAFQK,0
0742-MOABM,1
0742-NXBGR,1
0743-HNPFG,0
0743-HRVFF,0
0744-BIKKF,0
0744-GKNGE,0
0746-JTRFU,1
0748-RDGGM,1
0749-IRGQE,0
0750-EBAIU,0
0750-EKNGL,0
0754-EEBDC,0
0754-UKWQP,1
0756-MPZRL,0
0757-WCUUZ,0
0761-AETCS,1
0769-MURVM,0
0771-CHWSK,0
0771-WLCLA,0
0772-GYEQQ,1
0774-IFUVM,0
0774-RMNUW,0
0778-NELLA,1
0780-XNZFN,0
0781-LKXBR,1
0784-GTUUK,0
0784-ZQJZX,0
0786-IVLAW,0
0786-VSSUD,1
0787-LHDYT,0
0788-DXBFY,0
0793-TWELN,0
0794-YVSGE,0
0795-GMVQO,0
0795-LAFGP,0
0795-XCCTE,0
0799-DDIHE,0
0804-XBFBV,0
0804-YGEQV,0
0807-ZABDG,1
0810-BDHAW,0
0810-DHDBD,0
0811-GSDTP,0
0812-WUPTB,1
0813-TAXXS,0
0815-MFZGM,0
0816-TSPHQ,0
0817-HSUSE,0
0818-OCPZO,1
0820-FNRNX,0
0822-GAVAP,1
0822-QGCXA,0
0823-HSCDJ,1
0824-VWDPO,0
0825-CPPQH,0
0827-ITJPH,0
0829-DDVLK,0
0829-XXPLX,0
0831-JNISG,0
0835-DUUIQ,0
0835-JKADZ,0
0836-SEYLU,1
0839-JTCUD,0
0839-QNXME,0
0840-DCNZE,0
0840-DFEZH,0
0841-NULXI,1
0842-IWYCP,0
0843-WTBXE,1
0847-HGRML,0
0848-SOMKO,0
0848-ZGQIJ,0
0851-DFJKB,0
0853-NWIFK,0
0853-TWRVK,0
0854-UYHZD,0
0856-NAOES,0
0859-YGKFW,0
0862-PRCBS,0
0864-FVJNJ,0
0866-QLSIR,1
0867-LDTTC,0
0867-MKZVY,1
0868-VJRDR,0
0869-PAPRP,0
0870-VEMYL,1
0871-OPBXW,0
0871-URUWO,1
0872-CASZJ,0
0872-JCPIB,0
0872-NXJYS,1
0875-CABNR,1
0876-WDUUZ,1
0877-SDMBN,1
0880-FVFWF,0
0880-TKATG,1
0883-EIBTI,1
0885-HMGPY,0
0886-QGENL,1
0887-HJGAR,1
0887-WBJVH,0
0895-DQHEW,1
0895-LMRSF,0
0895-LNKRC,0
0895-UADGO,0
0897-FEGMU,1
0898-XCGTF,0
0899-LIIBW,0
0899-WZRSD,0
0902-RFHOF,0
0902-XKXPN,0
0906-QVPMS,0
0907-HQNTS,0
0909-SDHNU,0
0909-SELIE,0
0913-XWSCN,0
0916-KNFAJ,0
0916-QOFDP,0
0917-EZOLA,1
0921-OHLVP,0
0923-PNFUB,1
0924-BJCRC,0
0925-VYDLG,1
0927-CNGRH,0
0927-LCSMG,1
0928-JMXNP,0
0928-XUTSN,0
0929-HYQEW,0
0929-PECLO,0
0930-EHUZA,0
0931-MHTEM,0
0932-YIXYU,0
0936-NQLJU,0
0939-EREMR,0
0939-YAPAF,1
0940-OUQEC,1
0942-KOWSM,0
0943-ZQPXH,0
0945-TSONX,0
0946-CLJTI,1
0946-FKYTX,0
0947-IDHRQ,1
0947-MUGVO,1
0952-KMEEH,1
0953-LGOVU,0
0956-ACVZC,0
0956-SYCWG,0
0958-YHXGP,0
0959-WHOKV,0
0960-HUWBM,0
0961-ZWLVI,0
0962-CQPWQ,0
0963-ZBDRN,1
0967-BMLBD,0
0968-GSIKN,1
0969-RGKCU,0
0970-ETWGE,1
0970-QXPXW,0
0971-QIFJK,0
0973-KYVNF,0
0975-UYDTX,0
0975-VOOVL,0
0979-MOZQI,0
0979-PHULV,1
0980-FEXWF,0
0980-PVMRC,0
0983-TATYJ,0
0988-AADSA,0
0988-JRWWP,0
0991-BRRFB,1
0993-OSGPT,0
0997-YTLNY,0
0999-QXNSA,0
1000-AJSLD,1
1004-NOZNR,0
1009-IRMNA,1
1010-DIAUQ,1
1013-QCWAM,0
1015-JPFYW,0
1015-OWJKI,0
1016-DJTSV,0
1017-FBQMM,0
1020-JPQOW,0
1022-RKXDR,0
1023-BQXZE,0
1024-GUALD,1
1024-KPRBB,0
1024-VRZHF,1
1025-FALIX,0
1027-LKKQQ,0
1028-FFNJK,0
1029-QFBEN,1
1031-IIDEO,1
1032-MAELW,0
1035-IPQPU,0
1036-GUDCL,0
1038-RQOST,0
1038-ZAGBI,1
1041-RXHRA,1
1042-HFUCW,0
1043-UXOVO,0
1043-YCUTE,1
1045-LTCYT,0
1047-NNCBF,0
1047-RNXZV,0
1049-FYSYG,0
1051-EQPZR,0
1051-GEJLJ,0
1052-QJIBV,0
1053-MXTTK,0
1057-FOGLZ,0
1060-ENTOF,0
1061-PNTHC,0
1062-LHZOD,1
1063-DHQJF,0
1064-FBXNK,0
1066-JKSGK,1
1069-QJOEE,0
1069-XAIEM,1
1073-XXCZD,0
1074-AMIOH,0
1074-WVEVG,0
1075-BGWOH,1
1077-HUUJM,0
1078-TDCRN,0
1080-BWSYE,0
1084-MNSMJ,0
1084-UQCHV,1
1085-LDWAM,0
1086-LXKFY,1
1087-GRUYI,0
1087-UDSIH,1
1088-AUUZZ,0
1088-CNNKB,0
1089-HDMKP,0
1089-XZWHH,0
1090-ESELR,0
1090-PYKCI,0
1091-SOZGA,0
1092-GANHU,1
1092-WPIVQ,0
1093-YSWCA,0
1094-BKOSX,0
1095-JUDTC,1
1095-WGNGG,0
1096-ADRUX,0
1097-FSPVW,0
1098-KFQEC,0
1098-TDVUQ,0
1099-BTKWT,0
1099-GODLO,0
1100-DDVRV,0
1101-SSWAG,0
1104-FEJAM,0
1104-TNLZA,0
1106-HRLKZ,0
1110-KYLGQ,0
1112-CUNAO,1
1113-IUJYX,1
1114-CENIM,1
1116-DXXDF,0
1116-FRYVH,0
1120-BMWUB,1
1121-QSIVB,0
1122-JWTJW,1
1122-YJBCS,0
1125-SNVCK,0
1131-ALZWV,0
1131-QQZEB,0
1131-SUEKT,0
1133-KXCGE,0
1134-YWTYF,0
1135-HIORI,0
1135-LMECX,0
1136-XGEQU,0
1137-DGOWI,0
1139-WUOAH,0
1140-UKVZG,0
1142-IHLOO,0
1142-WACZW,1
1143-NMNQJ,1
1150-FTQGN,0
1150-WFARN,1
1153-GNOLC,0
1154-HYWWO,0
1156-ZFYDO,0
1157-BQCUW,1
1159-WFSGR,0
1162-ECVII,0
1163-ONYEY,0
1163-VIPRI,0
1166-PQLGG,0
1167-OYZJF,0
1169-SAOCL,0
1169-WCVAK,0
1170-SASML,0
1171-TYKUR,0
1172-VIYBP,0
1173-NOEYG,0
1173-XZPYF,0
1174-FGIFN,0
1177-XZBJL,0
1178-PZGAB,0
1179-INLAT,0
1183-CANVH,0
1184-PJVDB,1
1187-WILMM,0
1193-RTSLK,1
1194-BHJYC,0
1194-HVAIF,0
1194-SPVSP,0
1195-OIYEJ,1
1196-AMORA,1
1197-BVMVG,0
1200-TUZHR,0
1202-KKGFU,0
1205-WNWPJ,1
1206-EHBDD,0
1207-BLKSA,0
1208-DNHLN,1
1208-NBVFH,0
1209-VFFOC,0
1212-GLHMD,0
1213-NGCUN,1
1215-EXRMO,0
1215-FIGMP,0
1215-VFYVK,0
1216-BGTSP,0
1216-JWVUX,0
1217-VASWC,0
1218-VKFPE,1
1219-NNDDO,0
1221-GHZEP,0
1222-KJNZD,0
1222-LRYKO,0
1223-UNPKS,0
1226-IENZN,0
1226-JZNKR,0
1226-UDFZR,1
1227-UDMZR,0
1228-FZFRV,1
1228-ZLNBX,0
1229-RCALF,0
1230-QAJDW,0
1231-YNDEK,0
1236-WFCDV,1
1237-WIYYZ,0
1240-HCBOH,0
1240-KNSEZ,1
1241-EZFMJ,0
1241-FPMOF,0
1245-HARPS,0
1247-QBVSH,0
1248-DYXUB,0
1251-KRREG,1
1251-STYSZ,0
1254-IZEYF,1
1257-SXUXQ,0
1258-YMZNM,0
1260-TTRXI,1
1261-FWTTE,0
1262-OPMFY,1
1264-BYWMS,1
1264-FUHCX,0
1265-BCFEO,0
1265-HVPZB,0
1265-XTECC,1
1265-ZFOSD,0
1266-NZYUI,0
1268-ASBGA,1
1269-FOYWN,0
1270-XKUCC,0
1271-SJBGZ,1
1271-UODNO,0
1272-ILHFG,0
1273-MTETI,1
1282-IHQAC,0
1285-OKIPP,1
1291-CUOCY,0
1293-BSEUN,0
1293-HHSHJ,0
1297-VQDRP,0
1298-PHBTI,0
1299-AURJA,0
1301-LOPVR,0
1302-TPUBN,0
1302-UHBDD,0
1303-SRDOK,0
1304-BCCFO,0
1304-NECVQ,1
1304-SEGFY,0
1306-RPWXZ,0
1307-ATKGB,0
1307-TVUFB,0
1309-BXVOQ,1
1309-XGFSN,0
1310-QRITU,0
1319-YLZJG,0
1320-GVNHT,0
1320-HTRDR,1
1320-REHCS,0
1322-AGOQM,1
1323-OOEPC,1
1324-NLTJE,1
1325-USMEC,0
1328-EUZHC,0
1329-VHWNP,0
1333-PBMXB,0
1334-FJSVR,1
1334-PDUKM,0
1335-HQMKX,0
1335-MXCSE,0
1335-NTIUC,0
1336-EZFZY,0
1337-BOZWO,0
1338-CECEE,0
1342-JPNKI,1
1343-EHPYB,1
1345-GKDZZ,0
1345-ZUKID,0
1346-PJWTK,0
1346-UFHAX,0
1347-KTTTA,0
1349-WXNGG,1
1352-HNSAW,0
1352-VHKAJ,0
1353-GHZOS,0
1353-LJWEM,0
1354-YZFNB,0
1355-KUSBG,0
1356-MKYSK,0
1357-BIJKI,0
1357-MVDOZ,0
1360-JYXKQ,0
1360-RCYRT,0
1360-XFJMR,0
1363-TXLSL,1
1370-GGAWX,0
1371-DWPAZ,0
1371-OJCEK,0
1371-WEPDS,0
1373-ORVIZ,1
1374-DMZUI,1
1376-HHBDV,0
1379-FRVEB,0
1383-EZRWL,1
1384-RCUXW,0
1385-TQOZW,0
1386-ZIKUV,0
1389-CXMLU,1
1389-WNUIB,0
1391-UBDAR,0
1393-IMKZG,0
1394-SUIUH,0
1395-OFUWC,0
1395-WSWXR,0
1396-QWFBJ,1
1397-XKKWR,0
1399-OUPJN,0
1399-UBQIU,0
1400-MMYXY,1
1400-WIVLL,0
1401-FTHFQ,0
1402-PTHGN,0
1403-GYAFU,0
1403-LKLIK,0
1406-PUQVY,0
1407-DIGZV,0
1409-PHXTF,0
1410-RSCMR,0
1414-YADCW,0
1415-YFWLT,1
1421-HCERK,0
1422-DGUBX,0
1423-BMPBQ,0
1427-VERSM,0
1428-GTBJJ,1
1428-IEDPR,0
1429-UYJSV,0
1430-SFQSA,0
1431-AIDJQ,0
1431-CYWMH,0
1432-FPAXX,1
1436-ZMJAN,0
1439-LCGVL,0
1442-BQPVU,0
1442-OKRJE,0
1444-VVSGW,1
1447-GIQMR,1
1447-PJGGA,1
1448-CYWKC,0
1448-PWKYE,1
1449-XQEMT,1
1450-GALXR,1
1450-SKCVI,1
1452-KIOVK,0
1452-UZOSF,0
1452-VOQCH,0
1452-XRSJV,0
1453-RZFON,0
1455-ESIQH,1
1455-HFBXA,0
1455-UGQVH,1
1456-TWCGB,0
1459-QNFQT,0
1460-UZPRJ,0
1465-LNTLJ,0
1465-VINDH,1
1465-WCZVT,0
1468-DEFNC,0
1469-LBJQJ,0
1470-PSXNM,0
1471-GIQKQ,0
1472-TNCWL,0
1474-JUWSM,0
1475-VWVDO,0
1478-VPOAD,0
1480-BKXGA,0
1480-IVEVR,0
1481-ZUWZA,1
1482-OXZSY,0
1485-YDHMM,0
1488-PBLJN,0
1488-SYSFC,0
1492-KGETH,0
1492-QGCLU,0
1493-AMTIE,1
1494-EJZDW,0
1496-GGSUK,1
1498-DQNRX,0
1498-NHTLT,0
1501-SGHBW,1
1502-XFCVR,1
1506-YJTYT,0
1508-DFXCU,0
1513-XNPPH,1
1518-OMDIK,0
1518-VOWAV,1
1522-VVDMG,1
1525-LNLOJ,0
1527-SXDPN,1
1530-ZTDOZ,0
1534-OULXE,0
1535-VTJOQ,0
1536-HBSWP,0
1536-YHDOE,0
1539-LNKHM,0
1541-ETJZO,1
1543-LLLFT,0
1544-JJMYL,0
1545-ACTAS,0
1545-JFUML,0
1548-ARAGG,0
1548-FEHVL,0
1550-EENBN,0
1550-LOAHA,1
1552-AAGRX,0
1552-CZCLL,0
1552-TKMXS,0
1555-DJEQW,1
1555-HAPSU,0
1557-EMYVT,0
1559-DTODC,0
1561-BWHIN,0
1563-IWQEX,0
1564-HJUVY,0
1564-NTYXF,1
1565-RHDJD,1
1567-DSCIC,1
1568-BEKZM,0
1568-LJSZU,0
1569-TTNYJ,1
1571-SAVHK,1
1573-LGXBA,0
1574-DYCWE,0
1575-KRZZE,0
1576-PFZIW,0
1577-HKTFG,1
1579-KLYDT,1
1580-BMCMR,0
1582-RAFML,1
1583-IHQZE,1
1585-MQSSU,1
1587-FKLZB,1
1589-AGTLK,1
1591-MQJTP,0
1591-NFNLQ,1
1591-XWLGB,0
1596-BBVTG,1
1596-OQSPS,0
1597-FZREH,1
1597-LHYNC,1
1599-EAHXY,0
1599-MMYRQ,0
1600-DILPE,0
1602-IJQQE,1
1608-GMEWB,0
1612-EOHDH,1
1614-JBEBI,0
1618-CFHME,1
1619-YWUBB,0
1621-YNCJH,0
1622-HSHSF,0
1623-NLDOT,1
1624-NALOJ,1
1624-WOIWJ,1
1625-JAIIY,1
1626-ERCMM,1
1627-AFWVJ,0
1628-BIZYP,0
1629-DQQVB,0
1635-FJFCC,0
1635-HDGFT,0
1635-NZATJ,0
1636-NTNCO,0
1640-PLFMP,0
1641-BYBTK,0
1641-RQDAY,0
1642-HMARX,0
1644-IRKSF,1
1656-DRSMG,0
1657-DYMBM,0
1658-BYGOY,1
1658-TJVOA,0
1658-XUHBX,0
1660-HSOOQ,1
1661-CZBAU,0
1663-MHLHE,0
1666-JXLKU,0
1666-JZPZT,0
1670-SVOWZ,1
1676-MQAOA,0
1678-FYZOW,1
1679-JRFBR,0
1680-VDCWW,0
1682-VCOIO,0
1684-FLBGS,0
1685-BQULA,0
1685-VAYJF,0
1686-STUHN,0
1689-MRZQR,1
1689-YQBYY,0
1696-HXOWK,0
1696-MZVAU,0
1697-BCSHV,0
1697-LYYYX,0
1697-NVVGY,0
1698-XFZCI,0
1699-HPSBG,1
1699-TLDLZ,0
1699-UOTXU,0
1702-CCFNJ,0
1703-MGIAB,0
1704-NRWYE,1
1705-GUHPV,0
1707-HABPF,0
1708-PBBOA,0
1709-EJDOX,0
1710-RCXUS,0
1716-LSAMB,0
1722-LDZJS,0
1723-HKXJQ,1
1724-BQUHA,1
1724-IQWNM,0
1725-IQNIY,1
1725-MIMXW,1
1728-BQDMA,0
1728-CXQBE,0
1729-VLAZJ,0
1730-VFMWO,0
1730-ZMAME,0
1731-TVIUK,1
1732-FEKLD,0
1732-VHUBQ,1
1734-ZMNTZ,0
1735-XMJVH,0
1740-CSDJP,1
1741-WTPON,0
1744-JHKYS,0
1746-TGTWV,0
1750-CSKKM,1
1751-NCDLI,0
1752-OZXFY,0
1754-GKYPY,0
1755-FZQEC,0
1755-RMCXH,0
1757-TCATG,0
1760-CAZHT,0
1761-AEZZR,1
1763-KUAAW,0
1763-WQFUK,0
1764-VUUMT,0
1766-GKNMI,0
1767-CJKBA,0
1767-TGTKO,0
1768-HNVGJ,0
1768-ZAIFU,1
1769-GRUIK,0
1771-OADNZ,1
1775-KWJKQ,0
1776-SPBWV,0
1777-JYQPJ,0
1779-PWPMG,0
1784-BXEFA,0
1784-EZDKJ,0
1785-BPHTP,0
1790-NESIO,0
1791-PQHBB,0
1792-UXAFY,1
1794-HBQTJ,1
1794-SWWKL,0
1796-JANOW,0
1803-BGNBD,0
1809-DMJHQ,1
1810-BOHSY,0
1810-MVMAI,0
1813-JLKWR,0
1813-JYWTO,0
1814-DKOLC,0
1814-WFGVS,0
1816-FLZDK,0
1818-ESQMW,0
1820-DJFPH,0
1820-TQVEV,1
1821-BUCWY,0
1830-GGFNM,0
1830-IPXVJ,0
1832-PEUTS,0
1833-TCXKK,0
1833-VGRUM,1
1834-ABKHQ,0
1834-WULEG,0
1837-YQUCE,0
1839-FBNFR,0
1839-UMACK,0
1840-BIUOG,0
1841-YSJGV,0
1842-EZJMK,1
1843-TLSGD,0
1845-CSBRZ,0
1845-ZLLIG,0
1846-XWOQN,1
1848-LBZHY,0
1849-RJYIG,0
1850-AKQEP,0
1852-QSWCD,0
1852-XEMDW,0
1853-ARAAQ,0
1853-UDXBW,1
1855-AGAWH,0
1855-CFULU,0
1862-QRWPE,0
1862-SKORY,1
1866-DIOQZ,0
1866-NXPSP,0
1866-OBPNR,0
1866-RZZQS,1
1866-ZSLJM,0
1867-BDVFH,1
1867-TJHTS,0
1871-MOWRM,1
1872-EBWSC,0
1875-QIVME,1
1877-HKBQX,0
1891-FZYSA,1
1891-QRQSA,0
1891-UAWWU,1
1894-IGFSG,1
1895-QTKDO,0
1897-OKVMW,0
1897-RCFUM,0
1898-JSNDC,0
1899-VXWXM,1
1902-XBTFB,1
1904-WAJAA,0
1905-OEILC,0
1907-UBQFC,1
1907-YLNYW,0
1910-FMXJM,0
1915-IOFGU,1
1915-OAKWD,0
1918-ZBFQJ,1
1919-RTPQD,0
1921-KYSAY,0
1925-GMVBW,0
1925-LFCZZ,0
1925-TIBLE,1
1926-QUZNN,0
1927-QEWMY,0
1928-BXYIV,0
1929-ZCBHE,0
1930-BZLHI,0
1930-QPBVZ,0
1930-WNXSB,0
1932-UEDCX,0
1934-MKPXS,0
1934-SJVJK,1
1935-IMVBB,0
1936-CZAKF,0
1936-UAFEH,0
1937-OTUKY,0
1941-HOSAM,0
1942-OQFRW,0
1945-XISKS,0
1950-KSVVJ,0
1951-IEYXM,0
1952-DVVSW,0
1955-IBMMB,0
1956-YIFGE,0
1958-RNRKS,0
1960-UOTYM,0
1960-UYCNN,0
1963-SVUCV,1
1963-VAUKV,1
1964-SVLEA,0
1965-AKTSX,1
1965-DDBWU,1
1970-KKFWL,0
1971-DTCZB,0
1972-XMUWV,0
1976-AZZPJ,0
1976-CFOCS,1
1977-STDKI,1
1980-KXVPM,1
1981-INRFU,1
1982-FEBTD,0
1984-FCOWB,1
1984-GPTEH,0
1985-MBRYP,0
1986-PHGZF,0
1987-AUELQ,0
1989-PRJHP,1
1991-VOPLL,0
1996-DBMUS,0
1998-VHJHK,0
2000-DHJUY,0
2000-MPKCA,0
2001-EWBQU,0
2001-MCUUW,0
2002-MZHWP,1
2003-CKLOR,1
2004-OCQXK,1
2005-DWQZJ,0
2007-QVGAW,0
2011-TRQYE,1
2012-NWRPA,1
2013-SGDXK,1
2014-MKGMH,0
2017-CCBLH,0
2018-PZKMU,0
2018-QKYGT,0
2019-HDCZY,0
2023-VQFDL,0
2024-BASKD,1
2025-JKFWI,1
2026-TGDHM,1
2027-CWDNU,0
2027-DNKIV,0
2027-FECZV,1
2027-OAQQC,1
2027-WKXMW,0
2030-BTZRO,0
2034-CGRHZ,1
2034-GDRCN,1
2037-SGXHH,1
2037-XJFUP,1
2038-LLMLM,0
2038-OEQZH,0
2038-YSEZE,0
2039-JONDJ,0
2040-LDIWQ,0
2040-OBMLJ,0
2040-VZIKE,0
2040-XBAVJ,0
2041-JIJCI,0
2043-WVTQJ,0
2045-BMBTJ,0
2049-BAFNW,0
2050-ONYDQ,0
2054-PJOCK,0
2055-BFOCC,0
2055-PDADH,1
2055-SIFSS,0
2056-EVGZL,0
2057-BOYKM,0
2057-ZBLPD,1
2058-DCJBE,1
2061-VVFST,0
2065-MMKGR,0
2067-QYTCF,0
2068-WWXQZ,0
2070-FNEXE,1
2070-XYMFH,0
2072-ZVJJX,0
2073-QBVBI,0
2074-GKOWZ,1
2074-GUHPQ,0
2075-PUEPR,0
2075-RMJIK,0
2077-DDHJK,0
2077-MPJQO,0
2079-FBMZK,1
2080-CAZNM,0
2080-GKCWQ,0
2080-SRCDE,0
2081-KJSQF,0
2081-VEYEH,0
2082-CEFLT,1
2082-OJVTK,1
2085-BOJKI,0
2085-JVGAD,0
2087-QAREY,0
2088-IEBAU,0
2091-GPPIQ,0
2091-MJTFX,1
2091-RFFBA,1
2096-XOTMO,0
2097-YVPKN,0
2100-BDNSN,1
2101-RANCD,0
2103-ZRXFN,0
2105-PHWON,0
2107-FBPTK,0
2108-GLPQB,0
2108-XWMPY,1
2108-YKQTY,1
2111-DWYHN,0
2114-MGINA,1
2115-BFTIW,1
2120-SMPEX,0
2121-JAFOM,0
2122-SZZZD,0
2122-YWVYA,0
2123-AGEEN,0
2123-VSCOT,0
2126-GSEGL,0
2129-ALKBS,0
2133-TSRRM,0
2135-DQWAQ,0
2135-RXIHG,1
2137-DQMEV,0
2138-VFAPZ,0
2139-FQHLM,0
2141-RRYGO,1
2143-LJULT,0
2144-BFDSO,0
2144-ESWKO,0
2146-EGVDT,0
2150-OEGBV,0
2150-UWTFY,1
2150-WLKUW,0
2153-MREFK,1
2154-KVJFF,1
2155-AMQRX,0
2157-MXBJS,1
2159-TURXX,0
2160-GPFXD,0
2162-FRZAA,0
2164-SOQXL,0
2165-VOEGB,1
2167-FQSTQ,0
2169-RRLFW,0
2171-UDMFD,0
2172-EJXVF,0
2176-LVPNX,0
2176-OSJUV,0
2178-PMGCJ,0
2180-DXNEG,1
2181-TIDSV,0
2181-UAESM,0
2186-QZEYA,0
2187-LZGPL,1
2187-PKZAY,0
2188-SXWVT,0
2189-UXTKY,1
2189-WWOEW,1
2190-BCXEC,0
2190-PHBHR,0
2192-CKRLV,0
2192-OZITF,0
2193-SFWQW,0
2194-IIQOF,0
2195-VVRJF,0
2195-ZRVAX,1
2197-OMWGI,0
2200-DSAAL,0
2202-CUYXZ,1
2202-OUTMO,0
2203-GHNWN,0
2205-LPVGL,0
2205-YMZZJ,1
2207-NHRJK,1
2207-OBZNX,1
2207-QPJED,0
2207-RYYRL,0
2208-MPXIO,0
2208-NKVVH,0
2208-NQBCT,0
2208-UGTGR,0
2209-XADXF,0
2211-RMNHO,0
2212-LYASK,0
2215-ZAFGX,0
2219-MVUSO,1
2220-IAHLS,0
2223-GDSHL,0
2223-KAGMX,1
2225-ZRGSG,1
2226-ICFDO,0
2227-JRSJX,0
2228-BZDEE,0
2229-DPMBI,0
2229-VWQJH,0
2230-XTUWL,0
2232-DMLXU,1
2233-FAGXV,0
2233-TXSIU,0
2234-EOFPT,0
2234-XADUH,0
2235-DWLJU,0
2235-EZAIK,0
2235-ZGKPT,1
2236-HILPA,0
2237-ZFSMY,1
2239-CFOUJ,0
2239-CGBUZ,0
2239-JALAW,1
2240-HSJQD,0
2242-MFOTG,0
2243-FNMMI,0
2245-ADZFJ,0
2249-YPRNG,1
2250-IVBWA,0
2251-PYLPB,0
2252-ISRNH,0
2252-JHJGE,0
2252-NKNSI,0
2253-KPMNB,0
2254-DLXRI,0
2256-YLYLP,0
2257-BOVXD,0
2259-OUUSZ,0
2260-USTRB,1
2262-SLNVK,0
2263-SFSQZ,0
2265-CYWIV,1
2266-FUBDZ,0
2266-SJNAT,0
2267-FPIMA,0
2267-WTPYD,0
2270-CHBFN,0
2272-JKMSI,0
2272-QAGFO,1
2272-UOINI,0
2272-WUSPA,0
2273-QCKXA,0
2274-XUATA,0
2275-RBYQS,0
2276-YDAVZ,1
2277-AXSDC,0
2277-BKJKN,0
2277-DJJDL,0
2277-VWCNI,0
2279-AXJJK,0
2282-YGNOR,0
2284-VFLKH,0
2292-XQWSV,0
2293-IJWPS,0
2294-DMMUS,0
2294-SALNE,0
2296-DKZFP,0
2300-RQGOI,0
2302-ANTDP,1
2302-OUZXB,0
2303-PJYHN,0
2305-MRGLV,0
2307-FYNNL,0
2308-STERM,0
2309-OSFEU,1
2311-QYMUQ,1
2314-TNDJQ,0
2316-ESMLS,0
2320-JRSDE,1
2320-SLKMB,0
2320-TZRRH,0
2320-YKQBO,0
2321-OMBXY,1
2322-VCZHZ,0
2323-ARSVR,0
2324-AALNO,0
2324-EFHVG,0
2325-NBPZG,0
2325-WINES,0
2325-ZUSFD,1
2330-PQGDQ,0
2332-EFBJY,1
2332-TODQS,0
2333-KWEWW,0
2335-GSODA,0
2338-BQEZT,0
2342-CKIAO,0
2344-JMOGN,1
2346-CZYIL,0
2346-DJQTB,0
2346-LOCWC,0
2347-WKKAE,0
2348-KCJLT,0
2351-BKRZW,0
2351-RRBUE,0
2357-COQEK,1
2359-KLTEK,0
2359-KMGLI,1
2359-QWQUL,1
2360-RDGRO,0
2361-FJWNO,0
2361-UPSND,0
2362-IBOOY,1
2363-BJLSL,0
2364-UFROM,0
2368-GAKKQ,0
2369-FEVNO,0
2369-UAPKZ,1
2371-JQHZZ,0
2371-JUNGC,0
2371-KFUOG,0
2372-HWUHI,1
2373-NTKOD,0
2378-HTWFW,0
2378-VTKDH,0
2378-YIZKA,0
2379-ENZGV,1
2379-GYFLQ,0
2380-DAMQP,0
2382-BCKQJ,1
2384-OVPSA,0
2386-LAHRK,1
2386-OWURY,0
2387-KDZQY,0
2388-LAESQ,0
2391-IPLOP,0
2391-SOORI,1
2393-DIVAI,0
2397-BRLOM,1
2398-YPMUR,1
2400-FEQME,0
2400-XIWIO,0
2402-TAIRZ,0
2403-BCASL,1
2404-JIBFC,0
2405-LBMUW,0
2408-PSJVE,0
2408-TZMJL,1
2408-WITXK,1
2410-CIYFZ,0
2418-TPEUN,0
2419-FSORS,0
2424-WVHPL,0
2428-HYUNX,0
2428-ZMCTB,0
2429-AYKKO,0
2430-RRYUW,0
2430-USGXP,1
2432-TFSMK,0
2433-KMEAS,1
2434-EEVDB,0
2436-QBZFP,0
2439-LYPMQ,0
2439-QKJUL,0
2446-BEGGB,1
2446-PLQVO,1
2446-ZKVAF,0
2450-ZKEED,0
2451-YMUXS,0
2452-KDRRH,0
2452-MRMZF,0
2452-SNHFZ,0
2453-SAFNS,0
2454-RPBRZ,1
2455-USLMV,0
2458-EOMRE,0
2460-FPSYH,1
2460-NGXBJ,0
2462-XIIJB,1
2465-BLLEU,0
2466-FCCPT,0
2466-NEJOJ,0
2468-SJFLM,0
2469-DTSGX,0
2472-OVKUP,1
2474-BRUCM,1
2474-LCNUE,0
2475-MROZF,0
2476-YGEFM,0
2478-EEWWM,0
2479-BRAMR,1
2480-EJWYP,0
2480-JZOSN,0
2480-SQIOB,0
2481-SBOYW,0
2482-CZGBB,1
2483-XSSMZ,0
2484-DGXPZ,1
2485-ITVKB,1
2486-WYVVE,0
2495-INZWQ,1
2495-KZNFB,0
2495-TTHBQ,0
2498-XLDZR,0
2499-AJYUA,0
2501-XWWTZ,0
2504-DSHIH,0
2506-CLAKW,1
2506-TNFCO,1
2507-QZPQS,0
2509-TFPJU,0
2511-ALLCS,0
2511-MORQY,0
2514-GINMM,1
2516-VQRRV,1
2516-XSJKX,0
2519-ERQOJ,0
2519-FAKOD,1
2519-LBNQL,0
2519-TWKFS,0
2520-SGTTA,0
2521-NPUZR,0
2522-AHJXR,0
2522-WLNSF,0
2523-EWWZL,0
2525-GVKQU,0
2528-HFYZX,1
2530-ENDWQ,1
2530-FMFXO,0
2533-QVMSK,1
2533-TIBIX,0
2535-PBCGC,0
2538-OIMXF,0
2541-YGPKE,0
2542-HYGIQ,0
2545-EBUPK,0
2545-LXYVJ,0
2546-KZAAT,0
2550-AEVRU,0
2550-QHZGP,0
2558-BUOZZ,0
2560-PPCHE,0
2560-QTSBS,0
2560-WBWXF,0
2565-JSLRY,1
2568-BRGYX,1
2568-OIADY,1
2569-WGERO,0
2573-GYRUU,0
2575-GFSOE,1
2576-HXMPA,0
2577-GVSIL,0
2578-JQPHZ,0
2580-ASVVY,0
2580-ATZSQ,0
2581-VKIRT,0
2582-FFFZR,0
2585-KTFRE,0
2586-CWXVV,0
2587-EKXTS,0
2587-YNLES,0
2589-AYCRP,0
2592-HODOV,0
2592-SEIFQ,1
2592-YKDIF,0
2595-KIWPV,0
2599-CIPQE,0
2599-CZABP,0
2603-HVKCG,0
2604-IJPDU,0
2604-XVDAM,0
2606-PKWJB,0
2606-RMDHZ,1
2607-DHDAK,0
2607-FBDFF,0
2608-BHKFN,1
2609-IAICY,1
2612-PHGOX,0
2612-RANWT,1
2612-RRIDN,1
2615-YVMYX,0
2616-FLVQC,0
2616-UUTFK,0
2619-WFQWU,1
2621-UDNLU,0
2623-DRYAM,0
2625-TRCZQ,0
2626-URJFX,1
2626-VEEWG,0
2632-IVXVF,0
2632-TACXW,0
2632-UCGVD,1
2634-HCZGT,1
2636-ALXXZ,1
2636-OHFMN,1
2636-SJDOU,0
2637-FKFSY,0
2639-UGMAZ,0
2640-LYMOV,0
2640-PMGFL,1
2642-DTVCO,1
2642-MAWLJ,0
2645-QTLMB,1
2649-HWLYB,0
2650-GYRYL,0
2651-ZCBXV,0
2654-VBVPB,0
2656-FMOKZ,1
2656-TABEH,1
2657-ALMWY,1
2657-VPXTA,0
2659-VXMWZ,1
2660-EMUBI,1
2661-GKBTK,0
2662-NNTDK,0
2664-XJZNO,0
2665-NPTGL,0
2667-WYLWJ,1
2668-TZSPS,0
2669-OIDSD,0
2669-QVCRG,0
2672-DZUOY,1
2672-HUYVI,1
2672-OJQZP,0
2672-TGEFF,0
2673-CXQEU,0
2673-ZALNP,0
2674-MIAHT,0
2674-MLXMN,0
2675-DHUTR,0
2675-IJRGJ,0
2675-OTVVJ,0
2676-ISHSF,0
2676-OXPPQ,0
2676-SSLTO,0
2680-XKKNJ,0
2682-KEVRP,0
2683-BPJSO,1
2683-JXWQQ,0
2684-EIWEO,1
2685-SREOM,1
2688-BHGOG,0
2690-DVRVK,0
2691-NZETQ,1
2692-AQCPF,0
2692-BUCFV,0
2692-PFYTJ,0
2694-CIUMO,0
2696-ECXKC,0
2696-NARTR,1
2696-RZVZW,0
2697-NQBPF,0
2700-LUEVA,0
2703-AMTUL,0
2706-QZIHY,0
2709-UQGNP,0
2710-WYVXG,0
2712-SYWAY,0
2716-GFZOR,0
2717-HVIZY,0
2718-GAXQD,1
2718-YSKCS,0
2719-BDAQO,1
2720-FVBQP,0
2720-WGKHP,1
2722-JMONI,1
2722-VOJQL,1
2724-FJDYW,0
2725-IWWBA,0
2725-KXXWT,1
2725-TTRIQ,0
2729-VNVAP,0
2731-GJRDG,0
2732-ISEZX,0
2737-WFVYW,1
2737-YNGYW,1
2739-CACDQ,0
2739-CCZMB,0
2740-JFBOK,0
2740-TVLFN,0
2746-DIJLO,0
2748-MYRVK,1
2749-CTKAJ,0
2750-BJLSB,0
2753-JMMCV,0
2754-SDJRD,0
2754-VDLTR,1
2754-XBHTB,1
2758-RNWXS,0
2761-OCIAX,1
2761-XECQW,0
2770-NSVDG,0
2773-MADBQ,0
2773-OVBPK,0
2774-LVQUS,1
2775-SEFEE,0
2777-PHDEI,1
2778-OCLGR,1
2782-JEEBU,0
2782-LFZVW,0
2786-GCDPI,0
2788-CJQAQ,0
2789-CZANW,0
2789-HQBOU,0
2790-XUYMV,0
2791-SFVEW,0
2792-LSHWX,0
2792-VPPET,0
2794-XIMMO,1
2796-NNUFI,0
2796-UUZZO,0
2798-NYLMZ,0
2799-ARNLO,0
2799-TSLAG,0
2800-QQUSO,0
2800-VEQXM,0
2801-NISEI,0
2804-ETQDK,0
2805-AUFQN,0
2805-EDJPQ,0
2806-MLNTI,0
2808-CHTDM,0
2809-ILCYT,0
2809-ZMYOQ,0
2810-FTLEM,1
2811-POVEX,0
2812-ENYMO,0
2812-REYAT,0
2812-SFXMJ,0
2815-CPTUL,1
2817-LVCPP,0
2817-NTQDO,1
2819-GWENI,0
2821-WARNZ,0
2823-LKABH,0
2824-DXNKN,0
2824-MYYBN,0
2826-DXLQO,0
2826-UWHIS,0
2828-SLQPF,0
2829-HYVZP,0
2830-LEWOA,0
2831-EBWRN,0
2832-KJCRD,0
2832-SCUCO,0
2833-SLKDQ,1
2834-JKOOW,0
2834-JRTUA,1
2834-SPCJV,1
2839-RFSQE,1
2840-XANRC,1
2842-BCQGE,0
2842-JTCCU,1
2843-CQMEG,0
2845-AFFTX,1
2845-HSJCY,1
2845-KDHVX,0
2848-YXSMW,0
2851-MMUTZ,0
2851-STERV,0
2853-CWQFQ,0
2856-HYAPG,1
2856-NNASM,1
2858-EIMXH,0
2858-MOFSQ,1
2860-RANUS,1
2862-JVEOY,0
2862-PFNIK,0
2863-IMQDR,0
2865-TCHJW,1
2866-IKBTM,0
2867-UIMSS,1
2868-LLSKM,0
2868-MZAGQ,1
2868-SNELZ,1
2869-ADAWR,1
2873-ZLIWT,1
2874-YXVVA,0
2876-GZYZC,0
2876-VBBBL,1
2877-VDUER,0
2878-DHMIN,0
2878-RMWXY,0
2880-FPNAE,0
2882-DDZPG,0
2882-WDTBA,0
2883-ILGWO,0
2884-GBPFB,1
2885-HIJDH,0
2886-KEFUM,1
2887-JPYLU,0
2888-ADFAO,0
2889-FPWRM,1
2890-WFBHU,0
2892-GESUL,0
2894-QOJRX,1
2896-TBNBE,0
2897-DOVND,0
2898-LSJGD,1
2898-MRKPI,0
2900-PHPLN,0
2903-YYTBW,0
2904-GGUAZ,0
2905-KFQUV,0
2907-ILJBN,0
2908-WGAXL,0
2908-ZTPNF,0
2911-IJORQ,0
2911-UREFD,1
2911-WDXMV,0
2916-BQZLN,0
2919-HBCJO,1
2920-RNCEZ,0
2921-XWDJH,0
2923-ARZLG,0
2924-KHUVI,0
2925-MXLSX,0
2925-VDZHY,0
2926-JEJJC,0
2927-CVULT,0
2927-QRRQV,0
2928-HLDBA,0
2929-ERCFZ,1
2929-QNSRW,1
2930-UOTMB,1
2931-FSOHN,0
2931-SVLTV,0
2931-VUVJN,0
2931-XIQBR,0
2933-FILNV,1
2933-XEUJM,0
2937-FTHUR,0
2946-KIQSP,0
2947-DOMLJ,1
2951-QOQTK,1
2952-QAYZF,1
2954-PIBKO,0
2955-BJZHG,1
2955-PSXOE,1
2956-GGUCQ,1
2957-JIRMN,0
2957-LOLHO,1
2958-NHPPS,0
2959-EEXWB,0
2959-FENLU,0
2959-MJHIC,1
2960-NKRSO,0
2961-VNFKL,0
2962-XPMCQ,1
2967-MXRAV,0
2968-SSGAA,1
2969-QWUBZ,0
2969-VAPYH,0
2969-WGHQO,0
2971-SGAFL,0
2972-YDYUW,0
2974-GGUXS,0
2977-CEBSX,0
2978-XXSOG,0
2979-SXESE,1
2982-IHMFT,1
2982-VPSGI,1
2983-ZANRP,1
2984-AFWNC,0
2984-MIIZL,1
2984-RGEYA,0
2984-TBYKU,0
2985-FMWYF,0
2985-JUUBZ,0
2987-BJXIK,0
2988-GBIVW,0
2988-PLAHS,0
2988-QRAJY,0
2990-HWIML,1
2990-IAJSV,0
2990-OGYTD,0
2995-UPRYS,1
2995-YWTCD,0
2996-XAUVF,0
2999-AANRQ,0
3001-CBHLQ,1
3001-UNBTL,0
3002-WQZWT,0
3003-CMDUU,0
3005-NFMTA,1
3005-TYFRD,0
3006-XIMLN,1
3007-FDPEA,0
3009-JWMPU,1
3011-WQKSZ,0
3012-VFFMN,0
3014-WJKSM,0
3016-KSVCP,0
3018-TFTSU,1
3021-VLNRJ,0
3022-BEXHZ,0
3023-GFLBR,1
3026-ATZYV,0
3027-YNWZU,0
3027-ZTDHO,1
3030-YDNRM,0
3030-YZADT,1
3030-ZKIWL,0
3034-ZBEQN,1
3038-PQIUY,0
3039-MJSLN,0
3043-SUDUA,0
3043-TYBNO,0
3045-XETSH,1
3049-NDXFL,1
3049-SOLAY,1
3050-GBUSH,0
3050-RLLXC,0
3055-MJDSB,0
3055-OYMSE,0
3055-VTCGS,0
3057-VJJQE,0
3058-HJCUY,1
3058-WQDRE,0
3059-NGMXB,0
3061-BCKYI,0
3062-ICYZQ,0
3063-QFSZL,1
3066-RRJIO,1
3067-SVMTC,0
3068-OMWZA,1
3069-SSVSN,0
3070-BDOQC,0
3070-DVEYC,1
3070-FNFZQ,0
3071-MVJCD,0
3071-VBYPO,0
3074-GQWYX,1
3077-RSNTJ,0
3078-ZKNTS,0
3079-BCHLN,0
3082-VQXNH,0
3082-WQRVY,0
3082-YVEKW,0
3084-DOWLE,0
3085-QUOZK,1
3086-RUCRN,0
3088-FVYWK,0
3088-LHEFH,0
3090-HAWSU,1
3090-LETTY,0
3090-QFUVD,0
3091-FYHKI,1
3092-IGHWF,1
3094-JOJAI,0
3096-GKWEB,0
3096-IZETN,1
3096-JRDSO,1
3096-WPXBT,0
3096-YXENJ,0
3097-FQTVJ,0
3097-IDVPU,0
3097-NNSPB,1
3097-NQYSN,1
3097-PYWXL,0
3099-OONVS,0
3104-OWCGK,1
3106-ULWFW,1
3108-PCCGG,0
3113-IWHLC,0
3115-CZMZD,0
3115-JPJDD,0
3118-UHVVQ,0
3120-FAZKD,0
3125-RAHBV,0
3126-WQMGH,0
3128-YOVTD,0
3129-AAQOU,0
3130-ICDUP,0
3131-NWVFJ,0
3132-TVFDZ,1
3133-PZNSR,0
3134-DSHVC,0
3137-LUPIX,0
3137-NYQQI,0
3138-BKYAV,1
3143-ILDAL,1
3143-JQEGI,1
3144-AUDBS,1
3144-KMTWZ,0
3146-JTQHR,0
3146-MSEGF,0
3148-AOIQT,0
3148-BLQJT,1
3154-CFSZG,0
3154-HMWUU,0
3156-QLHBO,0
3158-MOERK,1
3160-TYXLT,0
3161-GETRM,0
3161-ONRWK,0
3162-KKZXO,0
3162-ZJZFU,0
3164-AALRN,1
3164-YAXFY,0
3165-HDOEW,1
3166-PNEOF,0
3167-SNQPL,0
3170-GWYKC,0
3170-NMYVV,0
3173-NVMPX,0
3173-WSSUE,0
3174-AKMAS,0
3174-RKMOW,0
3177-LASXD,1
3178-CIFOT,0
3178-FESZO,1
3179-GBRWV,0
3181-MIZBN,0
3181-VTHOE,0
3186-AJIEK,0
3186-BAXNB,1
3190-FZATL,0
3190-ITQXP,0
3190-XFANI,1
3191-CSNMG,0
3192-LNKRK,0
3192-NQECA,1
3194-ORPIK,1
3195-TQDZX,0
3196-NVXLZ,0
3197-ARFOY,0
3197-NNYNB,0
3198-VELRD,1
3199-NPKCN,0
3199-XGZCY,0
3200-MNQTF,0
3205-MXZRA,0
3207-OYBWH,1
3208-YPIOE,1
3209-ZPKFI,0
3211-AAPKX,0
3211-ILJTT,1
3212-KXOCR,0
3213-VVOLG,0
3214-IYUUQ,0
3217-FZDMN,1
3219-JQRSL,0
3221-CJMSG,0
3223-DWFIO,0
3223-WZWJM,1
3224-DFQNQ,0
3227-WLKLI,0
3229-USWAR,0
3230-IUALN,0
3230-JCNZS,0
3230-WYKIR,1
3234-VKACU,0
3235-ETOOB,1
3237-AJGEH,1
3239-TPHPZ,0
3243-ZHOHY,0
3244-CQPHU,0
3244-DCJWY,1
3247-MHJKM,0
3247-ZVOUO,1
3249-VHRIP,0
3249-ZPQRG,1
3251-YMVWZ,0
3253-HKOKL,0
3254-YRILK,1
3255-GRXMG,0
3256-EZDBI,0
3258-SANFR,0
3258-SYSWS,0
3258-ZKPAI,0
3259-FDWOY,1
3259-KNMRR,0
3259-QMXUN,0
3261-CQXOL,0
3262-EIDHV,0
3266-FTKHB,0
3269-ATYWD,1
3272-VUHPV,0
3274-NSDWE,0
3275-RHRNE,0
3276-HDUEG,1
3278-FSIXX,0
3279-DYZQM,0
3280-MRDOF,0
3280-NMUVX,0
3282-ZISZV,0
3283-WCWXT,0
3284-SVCRO,0
3285-UCQVC,1
3292-PBZEJ,0
3295-YVUSR,0
3296-SILRA,1
3298-QEICA,0
3301-LSLWQ,0
3301-VKTGC,0
3307-TLCUD,0
3308-DGHKL,0
3308-JSGML,0
3308-MHOOC,0
3312-UUMZW,0
3312-ZWLGF,0
3313-QKNKB,1
3315-IKYZQ,0
3315-TOTBP,1
3316-UWXUY,0
3317-HRTNN,1
3317-VLGQT,0
3318-ISQFQ,0
3318-NMQXL,0
3318-OSATS,1
3319-DWOEP,1
3320-VEOYC,0
3323-CPBWR,0
3324-OIRTO,0
3325-FUYCG,1
3327-YBAKM,0
3329-WDIOK,1
3331-HQDTW,1
3334-CTHOL,1
3336-JORSO,1
3338-CVVEH,0
3339-EAQNV,0
3340-QBBFM,0
3345-JHUEO,0
3345-PBBFH,0
3346-BRMIS,1
3347-YJZZE,0
3348-CFRNX,1
3349-ANQNH,0
3351-NGXYI,0
3351-NQLDI,1
3352-ALMCK,0
3352-RICWQ,0
3354-OADJP,0
3359-DSRKA,0
3363-DTIVD,0
3363-EWLGO,0
3365-SAIGS,0
3370-GQEAL,0
3370-HXOPH,0
3372-CDXFJ,0
3372-KWFBM,1
3373-DIUUN,0
3373-YZZYM,0
3374-LXDEV,1
3374-PZLXD,0
3374-TTZTK,0
3376-BMGFE,1
3378-AJRAO,0
3384-CTMSF,0
3387-PLKUI,0
3387-VATUS,1
3389-KTRXV,0
3389-YGYAI,1
3391-JSQEW,0
3392-EHMNK,0
3393-FMZPV,1
3396-DKDEL,0
3397-AVTKU,0
3398-FSHON,1
3398-GCPMU,0
3398-ZOUAA,1
3399-BMLVW,0
3400-ESFUW,1
3401-URHDA,0
3402-XRIUO,0
3404-JNXAX,0
3407-JMJQQ,0
3407-QGWLG,0
3410-MHHUM,0
3410-YOQBQ,0
3411-WLRSQ,0
3413-BMNZE,0
3413-CSSTH,0
3413-DHLPB,0
3415-TAILE,1
3417-TSCIC,0
3419-SNJJD,1
3420-YJLQT,0
3420-ZDBMA,0
3422-GALYP,0
3422-LYEPQ,1
3422-WJOYD,0
3423-HHXAO,0
3424-NMNBO,1
3426-NIYYL,1
3427-GGZZI,0
3428-MMGUB,0
3428-XZMAZ,1
3429-IFLEM,0
3439-GVUSX,0
3440-JPSCL,1
3441-CGZJH,0
3442-ZHHCC,0
3445-HXXGF,1
3446-QDSZF,0
3450-WXOAT,0
3451-VAWLI,0
3452-ABWRL,0
3452-FLHYD,0
3452-GWUIN,0
3452-SRFEG,0
3453-RTHJQ,0
3454-JFUBC,0
3457-PQBYH,0
3458-IDMFK,0
3460-TJBWI,0
3462-BJQQA,0
3466-BYAVD,0
3466-RITXD,0
3466-WAESX,0
3468-DRVQJ,0
3470-BTGQO,0
3470-OBUET,0
3472-OAOOR,0
3472-QPRCH,0
3473-XIIIT,1
3474-BAFSJ,0
3481-JHUZH,0
3482-ABPKK,0
3486-HOOGQ,0
3486-KHMLI,0
3486-NPGST,0
3487-EARAT,0
3488-PGMQJ,1
3489-HHPFY,0
3489-VSFRD,0
3494-JCHRQ,1
3496-LFSZU,0
3498-LZGQZ,0
3500-NSDOA,0
3500-RMZLT,1
3503-TYDAY,0
3506-LCJDC,1
3506-OVLKD,0
3507-GASNP,0
3508-CFVZL,0
3508-VLHCZ,0
3509-GWQGF,0
3511-APPBJ,0
3511-BFTJW,0
3512-IZIKN,1
3518-FSTWG,0
3518-PZXZQ,0
3519-ZKXGG,1
3520-FJGCV,0
3521-HTQTV,0
3521-MNKLV,0
3521-SYVOR,1
3522-CDKHF,0
3523-BRGUW,0
3523-QRQLL,1
3524-WQDSG,0
3525-DVKFN,0
3528-HFRIQ,0
3530-CRZSB,0
3530-VWVGU,0
3533-UVMOM,0
3536-IQCTX,1
3537-HPKQT,0
3537-RYBHH,0
3538-WZPHD,1
3540-RZJYU,1
3541-ZNUHK,0
3544-FBCAS,0
3545-CNWRG,0
3546-GHEAE,0
3547-LQRIK,0
3549-ZTMNH,0
3550-SAHFP,1
3551-GAEGL,0
3551-HUAZH,1
3552-CTCYF,0
3556-BVQGL,0
3557-HTYWR,0
3563-SVYLG,0
3565-UNOCC,1
3566-CAAYU,0
3566-HJGPK,0
3566-VVORZ,0
3567-PQTSO,0
3569-EDBPQ,0
3569-JFODW,0
3569-VLDHH,0
3570-YUEKJ,0
3571-DPYUH,0
3571-RFHAR,1
3572-UOLYZ,0
3572-UUHRS,0
3577-AMVUX,0
3580-GICBM,0
3580-HYCSP,0
3580-REOAC,1
3583-EKAPL,1
3583-KRKMD,0
3584-WKTTW,0
3585-ISXZP,1
3585-YNADK,0
3587-PMCOY,0
3588-WSTTJ,0
3589-PPVKW,0
3590-TCXTB,0
3594-BDSOA,0
3594-IVHJZ,0
3594-KADLU,0
3594-UVONA,1
3597-MVHJT,0
3597-YASZG,0
3604-WLABM,0
3605-JISKB,0
3606-SBKRY,0
3606-TWKGI,1
3612-YUNGG,0
3612-YVGSJ,0
3617-XLSGQ,0
3620-EHIMZ,0
3620-MWJNE,0
3621-CEOVK,1
3621-CHYVB,0
3623-FQBOX,0
3627-FCRDW,1
3627-FHKBK,1
3629-WEAAM,0
3629-ZNKXA,0
3633-CDBUW,0
3635-JBPSG,0
3635-QQRQD,0
3638-DIMPH,0
3638-VBZTA,0
3638-WEABW,0
3639-XJHKQ,0
3640-JQGJG,0
3640-PHQXK,1
3642-BYHDO,0
3642-GKTCT,0
3643-AHCFP,1
3644-QXEHN,0
3645-DEYGF,0
3646-ITDGM,0
3647-GMGDH,1
3648-GZPHF,0
3649-JPUGY,0
3653-NCRDJ,0
3654-ARMGP,0
3655-SNQYZ,0
3656-TKRVZ,1
3657-COGMW,0
3658-KIBGF,1
3658-QQJYD,0
3662-FXJFO,0
3663-MITLP,1
3665-JATSN,0
3668-QPYBK,1
3669-LVWZB,1
3669-OYSJI,1
3669-WHAFY,0
3671-SHRSP,1
3672-YITQD,1
3675-EQOZA,0
3675-YDUPJ,0
3677-IYRBF,1
3677-TNKIO,1
3678-MNGZX,0
3679-XASPY,0
3680-CTHUH,0
3682-YEUWS,0
3683-QKIUE,1
3685-YLCMQ,1
3688-FTHLT,0
3689-MOZGR,0
3692-JHONH,0
3694-DELSO,0
3694-GLTJM,0
3696-DFHHB,0
3696-XRIEN,0
3701-SFMUH,0
3703-KBKZP,0
3703-TTEPD,0
3703-VAVCL,1
3704-IEAXF,0
3705-PSNGL,1
3705-RHRFR,0
3707-GNWHM,1
3707-LRWZD,1
3709-OIJEA,0
3712-PKXZA,0
3714-JTVOV,1
3714-NTNFO,0
3714-XPXBW,0
3716-BDVDB,1
3716-LRGXK,0
3716-UVSPD,0
3717-FDJFU,0
3717-LNXKW,0
3717-OEAUQ,0
3717-OFRTN,0
3719-TDVQB,0
3720-DBRWL,0
3721-CNEYS,1
3721-CNZHX,0
3721-WKIIL,0
3722-WPXTK,1
3723-BFBGR,0
3724-BSCVH,0
3724-UCSHY,0
3726-TBHQT,0
3727-JEZTU,0
3727-OVPRY,0
3727-OWVYD,0
3727-RJMEO,1
3729-OWRVL,0
3733-LSYCE,0
3733-UOCWF,0
3733-ZEECP,0
3736-BLEPA,0
3737-GCSPV,1
3737-XBQDD,0
3739-YBWAB,0
3740-RLMVT,0
3744-ZBHON,0
3744-ZRRDZ,1
3745-HRPHI,0
3746-EUBYR,1
3748-FVMZZ,0
3750-CKVKH,1
3750-RNQKR,0
3750-YHRYO,0
3751-KTZEL,1
3752-CQSJI,0
3753-TSEMP,1
3754-DXMRT,1
3755-JBMNH,1
3756-VNWDH,0
3757-NJYBX,1
3758-CKOQL,0
3761-FLYZI,0
3763-GCZHZ,1
3764-MNMOI,0
3765-JXVKY,1
3766-EJLFL,0
3768-NLUBH,1
3768-VHXQO,0
3769-MHZNV,0
3771-PZOBW,0
3774-VBNXY,0
3776-EKTKM,1
3777-XROBG,0
3778-FOAQW,0
3779-OSWCF,0
3780-DDGSE,0
3780-YVMFA,0
3785-KTYSH,0
3785-NRHYR,0
3786-WOVKF,0
3787-TRIAL,0
3791-LGQCY,1
3793-MMFUH,1
3794-NFNCH,0
3795-CAWEX,0
3795-GWTRD,0
3796-ENZGF,0
3797-FKOGQ,0
3797-VTIDR,1
3798-EPWRR,0
3799-ISUZQ,1
3800-LYTRK,0
3801-HMYNL,1
3803-KMQFW,1
3804-RVTGV,1
3806-DXQOM,1
3806-YAZOV,0
3807-BPOMJ,0
3807-XHCJH,0
3808-HFKDE,0
3810-DVDQQ,0
3810-PJUHR,0
3811-VBYBZ,1
3812-LRZIR,0
3813-DHBBB,0
3814-MLAXC,1
3815-SLMEF,1
3823-KYNQY,0
3824-RHKVR,0
3831-YCPUO,0
3834-XUIFC,1
3836-FZSDJ,0
3838-OZURD,1
3841-CONLJ,0
3841-NFECX,0
3842-IYKUE,1
3842-QTGDL,0
3845-FXCYS,0
3845-JHAMY,0
3847-BAERP,0
3850-OKINF,0
3853-LYGAM,0
3855-ONCAR,0
3858-VOBET,1
3858-XHYJO,0
3859-CVCET,1
3863-IUBJR,1
3863-QSTYI,0
3865-QBWSJ,0
3865-YIOTT,0
3865-ZFZIB,0
3865-ZYKAD,0
3866-MDTUB,1
3870-MQAMG,1
3870-SPZSI,0
3871-IKPYH,1
3873-NFTGI,0
3873-WOSBC,0
3874-EQOEP,1
3877-JRJIP,1
3878-AVSOQ,0
3882-IYOIJ,0
3884-HCSWG,1
3884-UEBXB,0
3886-CERTZ,1
3887-PBQAO,0
3889-VWBID,0
3890-RTCMS,0
3891-NLXJB,0
3891-PUQOD,1
3892-NXAZG,0
3893-JRNFS,0
3896-RCYYE,0
3896-ZVNET,0
3898-BSJYF,0
3898-GUYTS,0
3900-AQPHZ,1
3902-FOIGH,1
3902-MIVLE,0
3904-UKFRE,0
3908-BLSYF,1
3908-MKIMJ,0
3910-MRQOY,0
3911-RSNHI,0
3913-FCUUW,0
3913-RDSJZ,0
3914-FDRHP,0
3915-ODIYG,0
3916-NRPAP,0
3920-HIHMQ,0
3923-CSIHK,1
3926-CUQZX,1
3926-YZVVX,0
3927-NLNRY,1
3930-ZGWVE,0
3932-CMDTD,1
3932-IJWDZ,0
3933-DQPWX,0
3934-HXCFZ,1
3935-TBRZZ,0
3936-QQFLL,0
3938-YFPXD,0
3941-XTSKM,0
3943-KDREE,1
3945-GFWQL,1
3946-JEWRQ,0
3946-MHCZW,1
3948-FVVRP,0
3948-KXDUF,0
3948-XHGNA,1
3950-VPYJB,0
3951-NJCVI,0
3955-JBZZM,0
3956-CJUST,0
3956-MGXOG,0
3957-HHLMR,0
3957-LXOLK,1
3957-SQXML,0
3961-SXAXY,0
3963-RYFNS,0
3966-HRMZA,0
3967-KXAPS,0
3967-VQOGC,0
3969-GYXEL,0
3969-JQABI,0
3970-XGJDU,0
3973-SKMLN,0
3976-BWUCK,1
3976-HXHCE,0
3976-NLDEZ,0
3977-QCRSL,0
3978-YNKDD,0
3981-QSVQI,0
3982-DQLUS,0
3982-JGSFD,0
3982-XWFZQ,1
3985-HOYPM,0
3987-KQDDU,0
3988-RQIXO,1
3990-QYKBE,1
3992-YWPKO,1
3995-WFCSM,0
3996-ZNWYK,0
3999-QGRJH,1
3999-WRNGR,0
4000-VGMQP,0
4001-TSBTV,0
4002-BQWPQ,0
4003-FUSHP,0
4003-OCTMP,0
4006-HKYHO,0
4007-NHVHI,0
4009-ALQFH,1
4010-YLMVT,0
4011-ARPHK,0
4012-YCFAI,0
4012-ZTHBR,0
4013-GUXND,0
4013-TLDHQ,1
4013-UBXWQ,1
4016-BJKTZ,0
4018-KJYUY,0
4018-PPNDW,0
4020-KIUDI,0
4021-RQSNY,1
4023-RTIQM,0
4024-CSNBY,0
4026-SKKHW,0
4029-HPFVY,0
4030-VPZBD,1
4032-RMHCI,0
4039-HEUNW,1
4039-PIMHX,0
4043-MKDTV,0
4049-ZPALD,0
4054-CUMIA,0
4056-QHXHZ,0
4057-FKCZK,0
4059-IIEBK,0
4060-LDNLU,0
4061-UKJWL,0
4062-HBMOS,0
4063-EIKNQ,0
4065-JJAVA,0
4067-HLYQI,0
4070-OKWVH,0
4072-IPYLT,0
4074-SJFFA,1
4075-JFPGR,0
4075-WKNIU,0
4077-CROMM,1
4077-HWUYD,0
4078-SAYYN,1
4079-ULGFR,0
4079-VTGLK,0
4079-WWQQQ,0
4080-IIARD,0
4080-OGPJL,1
4081-DYXAV,1
4083-BFNYK,0
4083-EUGRJ,1
4086-ATNFV,0
4086-WITJG,0
4086-YQSNZ,1
4088-YLDSU,1
4090-KPJIP,0
4091-TVOCN,0
4092-OFQZS,0
4094-NSEDU,1
4097-YODCF,0
4098-NAUKP,0
4102-HLENU,0
4102-OQUPX,1
4104-PVRPS,0
4106-HADHQ,1
4109-CYRBD,0
4110-PFEUZ,1
4111-BNXIF,0
4112-LUEIZ,1
4114-QMKVN,0
4115-BNPJY,0
4115-NZRKS,0
4115-UMJFQ,0
4116-IQRFR,0
4116-TZAQJ,1
4118-CEVPF,0
4119-ZYPZY,0
4121-AGSIN,0
4123-DVHPH,0
4123-FCVCB,0
4124-MMETB,1
4128-ETESU,0
4129-LYCOI,0
4130-MZLCC,0
4132-KALRO,0
4132-POCZS,0
4134-BSXLX,0
4135-FRWKJ,0
4137-BTIKL,0
4137-JOPHL,0
4138-NAXED,0
4139-DETXS,0
4139-JPIAM,0
4139-SUGLD,1
4140-MUHUG,1
4140-WJAWW,1
4143-HHPMK,1
4143-OOBWZ,1
4145-UQXUQ,1
4146-SVFUD,0
4154-AQUGT,1
4159-NAAIX,0
4160-AMJTL,1
4163-HFTUK,0
4163-KIUHY,0
4163-NCJAK,0
4174-LPGTI,1
4176-FXYBO,0
4176-RELJR,0
4177-JPDFU,0
4178-EGMON,0
4182-BGSIQ,0
4183-MYFRB,0
4183-WCSEP,1
4184-TJFAN,1
4184-VODJZ,0
4186-ZBUEW,0
4187-CINZD,1
4188-FRABG,0
4188-PCPIG,0
4189-NAKJS,0
4190-MFLUW,1
4191-XOVOM,0
4192-GORJT,1
4193-IBKSW,0
4193-ORFCL,1
4194-FJARJ,0
4194-WHFCB,0
4195-NZGTA,0
4195-PNGZS,0
4195-SMMNX,1
4198-VFOEA,0
4199-QHJNM,0
4201-JMNGR,1
4203-QGNZA,0
4208-UFFGW,1
4210-QFJMF,1
4211-MMAZN,1
4213-HKBJO,0
4220-TINQT,0
4223-BKEOR,0
4223-WOZCM,0
4226-KKDON,0
4227-OJHAL,0
4228-ZGYUW,1
4229-CZMLL,1
4231-LZUYM,0
4232-JGKIY,0
4234-XTNEA,0
4236-UJPWO,0
4236-XPXAV,1
4237-CLSMM,0
4237-RLAQD,1
4238-HFHSN,0
4238-JSSWH,0
4248-HCETZ,1
4248-QPAVC,1
4250-FDVOU,1
4250-WAROZ,0
4250-ZBWLV,1
4254-QPEDE,0
4255-DDUOU,1
4256-ZWTZI,0
4257-GAESD,0
4273-MBHYA,0
4274-DRSQT,0
4274-OWWYO,1
4277-BWBML,0
4277-PVRAN,1
4277-UDIEF,0
4280-DLSHD,0
4282-ACRXS,0
4282-MSACW,0
4282-YMKNA,1
4283-FUTGF,1
4283-IVYCI,0
4285-GYRQC,1
4289-DTDKW,1
4290-BSXUX,1
4291-HPAXL,0
4291-HYEBC,0
4291-SHSBH,0
4291-TPNFG,0
4291-YZODP,0
4293-ETKAP,0
4295-YURET,0
4298-OYIFC,0
4299-OPXEJ,0
4299-SIMNS,0
4301-VVZKA,0
4302-ZYFEL,0
4304-TSPVK,0
4304-XUMGI,0
4307-KTUMW,1
4307-KWMXE,0
4310-KEDTB,0
4311-QTTAI,0
4312-GVYNH,0
4312-KFRXN,0
4315-MURBD,1
4316-XCSLJ,0
4317-VTEOA,1
4318-RAJVY,0
4320-QMLLA,0
4322-RCYMT,1
4323-ELYYB,0
4323-OHFOW,0
4323-SADQS,1
4324-AHJKS,0
4324-BZCKL,0
4325-NFSKC,1
4328-VUFWD,0
4329-YPDDQ,0
4332-MUOEZ,0
4334-HOWRP,0
4335-BSMJS,0
4335-UPJSI,0
4338-EYCER,0
4342-HENTK,1
4342-HFXWS,0
4343-EJVQB,0
4349-GFQHK,1
4350-ZTLPI,0
4351-QLCSU,1
4353-HYOJD,0
4355-CVPVS,0
4355-HBJHH,1
4359-INNWN,0
4360-PNRQB,0
4360-QRAVE,0
4361-BKAXE,1
4361-FEBGN,0
4361-JEIVL,1
4365-MSDYN,0
4366-CTOUZ,0
4367-NHWMM,0
4367-NUYAO,0
4369-HTUIF,1
4369-NYSCF,0
4373-MAVJG,1
4373-VVHQL,0
4374-YMUSQ,0
4376-KFVRS,0
4377-VDHYI,0
4378-BZYFP,0
4378-MYPGO,0
4381-MHQDC,0
4385-GZQXV,1
4385-ZKVNW,0
4389-UEFCZ,0
4390-KYULV,1
4391-LNRXK,0
4391-RESHN,1
4393-GEADV,0
4393-OBCRR,0
4393-RYCRE,0
4395-PZMSN,0
4396-KLSEH,0
4397-FRLTA,0
4398-HSCJH,1
4402-FTBXC,0
4403-BWPAY,0
4404-HIBDJ,1
4412-YLTKF,1
4415-IJZTP,1
4415-WNGVR,0
4418-LZMSV,0
4419-UJMUS,0
4422-QVIJA,0
4423-JWZJN,0
4423-YLHDV,1
4424-TKOPW,1
4425-OWHWB,0
4429-WYGFR,0
4430-UZIPO,1
4430-YHXGG,0
4431-EDMIQ,0
4432-ADRLB,1
4433-JCGCG,1
4439-JMPMT,1
4439-YRNVD,0
4441-NIHPT,1
4443-EMBNA,0
4445-KWOKW,0
4445-ZJNMU,0
4446-BZKHU,1
4450-DLLMH,0
4450-MDZFX,0
4450-YOOHP,0
4451-RWASJ,0
4452-QIIEB,0
4452-ROHMO,0
4455-BFSPD,0
4456-RHSNB,0
4458-KVRBJ,0
4459-BBGHE,0
4462-CYWMH,0
4464-JCOLN,1
4465-VDKIQ,0
4468-KAZHE,0
4468-YDOVK,0
4471-KXAUH,1
4472-LVYGI,0
4472-VESGY,0
4475-NVTLU,0
4476-OSWTN,0
4480-MBMLB,0
4480-QQRHC,0
4482-EWFMI,0
4482-FTFFX,0
4484-CGXFK,1
4484-GLZOU,1
4486-EFAEB,0
4487-ZYJZK,0
4488-KQFDT,0
4488-PSYCG,1
4489-SNOJF,1
4495-LHSSK,0
4500-HKANN,0
4501-EQDRN,1
4501-UYKBC,0
4501-VCPFK,0
4503-BDXBD,1
4504-YOULA,0
4505-EXZHB,1
4508-OEBEY,0
4510-HIMLV,1
4510-PYUSH,1
4512-ZUIYL,1
4513-CXYIX,0
4514-GFCFI,1
4518-FZBSX,0
4521-WFJAI,0
4521-YEEHE,0
4522-AKYLR,0
4522-XRWWI,0
4523-WXCEF,1
4524-QCSSM,0
4525-VZCZG,0
4526-EXKKN,0
4526-RMTLL,0
4526-ZJJTM,0
4529-CKBCL,1
4530-NDRKU,0
4531-AUZNK,0
4534-WGCIR,0
4536-PLEQY,0
4537-CIBHB,0
4537-DKTAL,0
4538-WNTMJ,0
4541-RMRLG,1
4544-RXFMG,0
4546-FOKWR,0
4547-FZJWE,0
4547-KQRTM,1
4547-LYTDD,1
4548-SDBKE,1
4549-ZDQYY,0
4550-EVXNY,1
4550-VBOFE,1
4553-DVPZG,0
4554-YGZIH,1
4558-CGYCZ,0
4558-FANTW,1
4559-UWIHT,0
4560-WQAQW,0
4565-EVZMJ,0
4565-NLZBV,0
4566-GOLUK,1
4566-NECEV,0
4566-QVRRW,1
4567-AKPIA,0
4568-KNYWR,0
4568-TTZRT,0
4570-QHXHL,0
4572-DVCGN,1
4573-JKNAE,0
4576-CSAJH,1
4578-PHJYZ,0
4580-TMHJU,1
4581-LNWUM,0
4581-SSPWD,1
4583-PARNH,0
4584-LBNMK,0
4585-HETAI,1
4587-NUKOX,1
4587-VVTOX,1
4588-YBNIB,1
4589-IUAJB,0
4592-IWTJI,1
4597-ELFTS,1
4597-NUCQV,1
4598-XLKNJ,1
4598-ZADCK,0
4603-JANFB,1
4607-CHPCA,1
4608-LCIMN,0
4609-KNNWG,0
4611-ANLQC,0
4612-SSVHJ,0
4612-THJBS,1
4614-NUVZD,1
4615-PIVVU,0
4616-EWBNJ,0
4616-ULAOA,0
4619-EVPHY,0
4622-YNKIJ,0
4623-ZKHLY,0
4625-EWPTF,1
4625-LAMOB,0
4625-XMOYM,0
4626-GYCZP,1
4626-OZDTJ,0
4627-MIHJH,0
4628-CTTLA,1
4628-WQCQQ,1
4629-NRXKX,1
4631-OACRM,1
4632-PAOYU,0
4632-XJMEX,0
4633-MKHYU,0
4634-JLRJT,0
4635-EJYPD,0
4636-JGAAI,0
4636-OLWOE,0
4636-QRJKY,1
4636-TVXVG,0
4640-UHDOS,1
4641-FROLU,0
4644-OBGFZ,0
4644-PIZRT,0
4646-QZXTF,0
4647-MUZON,0
4647-XXZAM,0
4648-YPBTM,0
4652-NNHNY,1
4652-ODEVH,0
4654-DLAMQ,0
4654-GGUII,0
4654-ULTTN,0
4656-CAURT,0
4657-FWVFY,0
4658-HCOHW,1
4659-NZRUF,1
4660-IRIBM,0
4661-NJEUX,0
4662-EKDPQ,1
4664-NJCMS,0
4667-OHGKG,1
4667-QONEA,0
4670-TABXH,0
4671-LXRDQ,1
4671-VJLCL,0
4672-FOTSD,0
4673-KKSLS,0
4674-HGNUA,0
4676-MQUEA,0
4676-WLUHT,0
4678-DVQEO,1
4680-KUTAJ,0
4682-BLBUC,0
4683-WYDOU,0
4685-ERGHK,0
4685-TFLLS,0
4686-GEFRM,0
4686-UXDML,0
4690-LLKUA,1
4690-PKDQG,0
4692-NNQRU,0
4693-VWVBO,0
4694-PHWFW,0
4695-VADHF,1
4695-WJZUE,1
4697-LUPSU,0
4698-KVLLG,0
4700-UBQMV,0
4701-AHWMW,1
4701-LKOZD,0
4701-MLJPN,1
4702-HDRKD,0
4702-IOQDC,1
4703-MQYKT,0
4704-ERYFC,1
4706-AXVKM,1
4706-DGAHW,0
4707-MAXGU,0
4707-YNOQA,0
4709-LKHYG,0
4710-FDUIZ,1
4710-NKCAW,0
4712-AUQZO,0
4712-UYOOI,0
4713-LZDRV,1
4713-ZBURT,0
4716-HHKQH,0
4716-MRVEN,0
4717-GHADL,0
4718-DHSMV,0
4718-WXBGI,0
4719-UMSIY,0
4720-VSTSI,1
4723-BEGSG,0
4724-WXVWF,0
4726-DLWQN,0
4727-MCYZG,0
4729-XKASR,1
4730-AWNAU,0
4732-RRJZC,0
4735-ASGMA,1
4735-BJKOU,0
4737-AQCPU,0
4737-HOBAX,0
4741-WWJQZ,0
4742-DRORA,0
4742-TXUEX,0
4745-LSPLO,1
4747-LCAQL,0
4749-OJKQU,0
4749-VFKVB,1
4750-UKWJK,0
4750-ZRXIU,1
4751-ERMAN,0
4753-PADAS,0
4759-PXTAN,0
4759-TRPLW,1
4760-THGOT,0
4760-XOHVN,1
4763-PGDPO,1
4765-OXPPD,1
4767-HZZHQ,0
4770-QAZXN,0
4770-UEZOX,0
4774-HHGGS,0
4776-XSKYQ,0
4778-IZARL,0
4779-ZGICK,0
4781-ZXYGU,0
4782-OSFXZ,0
4785-FCIFB,0
4785-NKHCX,0
4785-QRJHC,1
4786-UKSNZ,1
4789-KWMXN,1
4791-QRGMF,1
4795-KTRTH,1
4795-UXVCJ,0
4795-WRNVT,0
4797-AXPXK,1
4797-MIWUM,0
4800-CZMPC,1
4800-VHZKI,1
4801-JZAZL,0
4801-KFYKL,0
4803-AXVYP,1
4803-LBYPN,0
4804-NCPET,0
4806-DXQCE,0
4806-HIPDW,1
4806-KEXQR,1
4807-IZYOZ,0
4808-YNLEU,0
4811-JBUVU,0
4813-HQMGZ,0
4815-GBTCD,0
4815-TUMEQ,0
4815-YOSUK,0
4816-JBHOV,1
4816-LXZYW,1
4816-OKWNX,0
4817-KEQSP,0
4817-QRJSX,1
4817-VYYWS,1
4818-DRBQT,1
4818-QIUFN,1
4819-HJPIW,0
4821-SJHJV,0
4821-WQOYN,0
4822-LPTYJ,0
4822-NGOCH,1
4822-RVYBB,1
4822-YCXMX,1
4824-GUCBY,0
4825-FUREZ,0
4825-XJGDM,0
4826-DXMUP,0
4826-TZEVA,0
4826-XTSOH,1
4827-DPADN,0
4827-LTQRJ,0
4827-USJHP,0
4828-FAZPK,0
4829-AUOAX,1
4829-ZLJTK,0
4830-FAXFM,0
4831-EOBFE,1
4832-VRBMR,0
4833-QTJNO,0
4835-YSJMR,0
4836-WNFNO,0
4837-PZTIC,0
4837-QUSFT,0
4840-ORQXB,0
4844-JJWUY,1
4846-WHAFZ,1
4847-QNOKA,1
4847-TAJYI,0
4849-PYRLQ,0
4851-BQDNX,0
4853-OITSN,0
4853-RULSV,1
4854-CIDCF,0
4854-SSLTN,0
4855-SNKMY,1
4859-ZSRDZ,0
4860-IJUDE,0
4860-YZGZM,0
4868-AADLV,0
4869-EPIUS,0
4871-JTKJF,1
4872-JCVCA,0
4872-VXRIL,0
4873-ILOLJ,1
4877-EVATK,1
4877-TSOFF,0
4878-BUNFV,0
4879-GZLFH,0
4881-GQJTW,0
4881-JVQOD,0
4883-KCPZJ,0
4883-QICIH,1
4884-LEVMQ,0
4884-TVUQF,0
4884-ZTHVF,0
4890-VMUAV,0
4891-NLUBA,0
4892-VLANZ,1
4893-GYUJU,0
4895-TMWIR,1
4896-CPRPF,0
4897-QSUYC,1
4900-MSOMT,0
4902-OHLSK,1
4903-CNOZC,0
4903-UYAVB,1
4905-JEFDW,1
4906-ZHGPK,0
4908-XAXAY,0
4909-JOUPP,0
4910-AQFFX,1
4910-GMJOT,1
4911-BANWH,1
4912-PIGUY,0
4913-EHYUI,1
4915-BFSXL,0
4918-FYJNT,0
4918-QLLIW,1
4919-IKATY,1
4919-MOAVT,1
4922-CVPDX,0
4923-ADWXJ,0
4925-LMHOK,1
4926-UMJZD,0
4927-WWOOZ,0
4929-BSTRX,1
4929-ROART,0
4929-XIHVW,0
4931-TRZWN,0
4933-BSAIP,0
4933-IKULF,0
4936-YPJNK,0
4937-QPZPO,0
4939-KYYPY,0
4940-KHCWD,0
4942-VZZOM,0
4945-RVMTE,0
4946-EDSEW,1
4947-DSMXK,0
4948-WBBKL,0
4950-BDEUX,0
4950-HKQTE,0
4951-UKAAQ,1
4952-YSOGZ,1
4955-VCWBI,0
4957-SREEC,0
4957-TIALW,0
4957-TREIR,0
4958-GZWIY,1
4958-XCBDQ,1
4959-JOSRX,1
4962-CHQPW,0
4967-WPNCF,0
4971-PUYQO,1
4973-MGTON,0
4973-RLZVI,0
4976-LNFVV,0
4979-HPRFL,0
4980-URKXC,0
4981-FLTMF,0
4983-CCWMC,0
4983-CLMLV,0
4986-MXSFP,0
4987-GQWPO,0
4988-IQIGL,1
4989-LIXVT,0
4990-ALDGW,0
4992-LTJNE,0
4993-JCRGJ,0
4994-OBRSZ,0
4998-IKFSE,0
4999-IEZLT,0
5002-GCQFH,0
5003-OKNNK,0
5003-XZWWO,0
5006-MXVRN,0
5010-IPEAQ,0
5012-YSPJJ,0
5013-SBUIH,1
5014-GSOUQ,0
5014-WUQMG,0
5016-ETTFF,1
5016-IBERQ,0
5016-LIPDW,0
5018-GWURO,0
5018-HEKFO,0
5018-LXQQG,0
5019-GQVCR,0
5020-ZSTTY,1
5022-JNQEQ,0
5022-KVDQT,0
5025-GOOKI,0
5027-QPKTE,1
5027-XWQHA,1
5027-YOCXN,0
5028-GZLDO,1
5028-HTLJB,1
5032-MIYKT,0
5032-USPKF,0
5035-BVCXS,0
5035-PGZXH,0
5038-ETMLM,0
5039-LZRQT,0
5043-TRZWM,0
5044-LRQAQ,0
5044-XDPYX,0
5046-NUHWD,0
5047-LHVLY,1
5049-GLYVG,1
5049-MUBWG,0
5052-PNLOS,1
5054-IEXZT,1
5055-BRMNE,0
5055-MGMGF,0
5056-FIMPT,0
5057-LCOUI,1
5057-RKGLH,0
5060-TQUQN,0
5061-PBXFW,0
5062-CJJKH,0
5063-IUOKK,0
5066-GFJMM,0
5067-DGXLL,0
5067-WJEUN,0
5067-XJQFU,0
5071-FBJFS,0
5073-RZGBK,0
5073-WXOYN,1
5074-FBGHB,0
5075-JSDKI,0
5076-YVXCM,0
5077-DXTCG,1
5081-NWSUP,0
5084-OOVCJ,0
5087-SUURX,1
5088-QZLRL,0
5089-IFSDP,1
5090-EMGTC,0
5091-HFAZW,0
5092-STPKP,0
5093-FEGLU,0
5095-AESKG,1
5095-ETBRJ,0
5099-BAILX,1
5103-MHMHY,1
5108-ADXWO,1
5110-CHOPY,0
5115-GZDEL,0
5115-SQAAU,0
5117-IFGPS,0
5117-ZSMHQ,0
5118-MUEYH,0
5119-KEPFY,0
5119-NZPTV,0
5120-ZBLAI,0
5122-CYFXA,0
5124-EOGYE,0
5125-CNDSP,0
5126-RCXYW,0
5127-BZENZ,0
5129-HHMZC,0
5129-JLPIS,0
5130-IEKQT,1
5130-YPIRV,0
5131-PONJI,0
5133-POWUA,0
5133-VRSAB,0
5134-IKDAY,1
5135-GRQJV,0
5135-RDDQL,0
5136-GFPMB,0
5136-KCKGI,1
5136-RGMZO,0
5138-WVKYJ,1
5140-FOMCQ,0
5141-ZUVBH,0
5143-EGQFK,1
5143-WMWOG,1
5144-PQCDZ,0
5144-TVGLP,0
5146-CBVOE,0
5146-YYFRZ,0
5148-HKFIR,0
5148-ORICT,0
5149-CUZUJ,0
5149-QYTTU,0
5149-TGWDZ,0
5150-ITWWB,0
5150-LJNSR,0
5151-HQRDG,0
5153-LXKDT,0
5153-RTHKF,0
5154-VEKBL,1
5155-AZQPB,0
5156-UMKOW,0
5158-RIVOP,0
5159-YFPKQ,1
5160-UXJED,0
5161-UBZXI,0
5161-XEUVX,0
5167-GBFRE,1
5167-ZFFMM,1
5168-MQQCA,0
5168-MSWXT,0
5170-PTRKA,0
5171-EPLKN,0
5172-MIGPM,0
5172-RKOCB,0
5173-WXOQV,0
5173-ZXXXL,0
5174-ITUMV,0
5174-RNGBH,1
5175-AOBHI,1
5175-WLYXL,0
5176-LDKUH,0
5176-LMJXE,0
5176-OLSKT,0
5177-RVZNU,0
5178-LMXOP,1
5180-UCIIQ,1
5181-OABFK,0
5183-KLYEM,0
5183-SNMJQ,0
5186-EJEGL,0
5186-PEIZU,0
5186-SAMNZ,1
5188-HGMLP,0
5192-EBGOV,1
5193-QLVZB,0
5195-KPUNQ,0
5196-SGOAK,1
5196-WPYOW,0
5197-LQXXH,0
5197-PYEPU,0
5197-YPYBZ,0
5198-EFNBM,0
5198-HQAEN,0
5199-FPUSP,0
5201-CBWYG,0
5201-FRKKS,0
5201-USSQZ,0
5202-IVJNU,1
5203-XEHAX,0
5204-HMGYF,0
5204-QZXPU,1
5206-HPJKM,0
5206-XZZQI,0
5207-PLSTK,0
5208-FVQKB,0
5208-HFSBT,1
5213-TWWJU,0
5214-CHIWJ,0
5214-NLTIT,0
5215-LNLDJ,0
5216-WASFJ,0
5219-YIPTK,1
5220-AGAAX,0
5222-IMUKT,0
5222-JCXZT,0
5223-UZAVK,0
5226-NOZFC,0
5227-JSCFE,0
5228-EXCET,1
5229-DTFYB,0
5229-PRWKT,1
5231-FIQPA,0
5232-NXPAY,0
5233-AOZUF,0
5233-GEEAX,1
5236-PERKL,1
5236-XMZJY,0
5240-CAOYT,0
5240-IJOQT,1
5242-UOWHD,0
5243-SAOTC,0
5244-IRFIH,1
5245-VDBUR,0
5248-KWLAR,0
5248-RPYWW,0
5248-YGIJN,0
5249-QYHEX,0
5256-SKJGO,0
5260-UMPWX,0
5261-QSHQM,1
5266-PFRQK,0
5268-DSMNQ,0
5269-NRGDP,0
5271-DBYSJ,0
5271-YNWVR,1
5274-XHAKY,0
5275-PMFUT,0
5275-SQEIZ,1
5276-KQWHG,1
5277-ZLOOR,1
5278-PNYOX,0
5281-BUZGT,1
5285-MVEHD,0
5286-YHCVC,0
5287-QWLKY,1
5288-AHOUP,0
5293-WXJAK,1
5294-CDGWY,1
5294-DMSFH,0
5294-IMHHT,0
5295-PCJOO,1
5296-BFCYD,0
5296-PSYVW,0
5297-MDOIR,0
5298-GSTLM,0
5299-RULOA,1
5299-SJCZT,1
5301-GAUUY,1
5302-BDJNT,0
5304-EFJLP,0
5306-BVTKJ,0
5307-DZCVC,1
5307-UVGNB,0
5309-TAIKL,0
5310-NOOVA,0
5311-IHLEI,0
5312-IRCFR,0
5312-TSZVC,0
5312-UXESG,0
5313-FPXWG,0
5315-CKEQK,0
5317-FLPJF,0
5318-IXUZF,1
5318-YKDPV,0
5320-BRKGK,0
5321-NTRKC,0
5322-TEUJK,0
5322-ZSMZY,0
5324-KTGCG,0
5325-UWTWJ,0
5327-CNLUQ,0
5327-XOKKY,0
5329-KRDTM,0
5331-RGMTT,0
5334-AFQJB,0
5334-JLAXU,0
5336-UFNZP,0
5337-IIWKZ,0
5338-YHWYT,0
5339-PXDVH,0
5339-TJFEK,0
5343-SGUBI,0
5345-BMKWB,0
5346-BZCHP,0
5348-CAGXB,0
5349-AZPEW,0
5349-IECLD,1
5351-QESIO,0
5353-WILCI,0
5356-CSVSQ,0
5356-KZCKT,0
5356-RHIPP,1
5357-TZHPP,1
5360-LJCNJ,0
5360-XGYAZ,0
5364-EVNIB,1
5364-XYIRR,1
5365-LLFYV,0
5366-IJEQJ,1
5366-OBVMR,0
5370-IIVVL,0
5371-VYLSX,0
5372-FBKBN,0
5373-SFODM,1
5375-XLDOF,0
5376-DEQCP,1
5376-PCKNB,0
5377-NDTOU,0
5378-IKEEG,1
5380-AFSSK,1
5380-WJKOV,1
5380-XPJNZ,0
5382-SOYZL,0
5382-TEMLV,0
5383-MMTWC,1
5384-ZTTWP,0
5385-SUIRI,1
5386-THSLQ,0
5387-ASZNZ,0
5389-FFVKB,1
5392-AKEMH,0
5393-HJZSM,0
5393-RXQSZ,1
5394-MEITZ,0
5394-SVGJV,1
5396-IZEPB,0
5397-NSKQG,0
5397-TUPSH,0
5399-ZIMKF,0
5402-HTOTQ,0
5404-GGUKR,0
5405-ZMYXQ,0
5406-KGRMX,0
5414-OFQCB,0
5419-CONWX,1
5419-JKZNQ,0
5419-JPRRN,1
5419-KLXBN,1
5423-BHIXO,0
5424-RLQLC,0
5429-LWCMV,0
5433-KYGHE,0
5438-QMDDL,0
5439-WIKXB,0
5440-FLBQG,1
5440-VHLUL,0
5442-BHQNG,0
5442-BXVND,0
5442-PPTJY,0
5442-UTCVD,1
5442-XSDCW,1
5443-SCMKX,0
5445-GLVOT,0
5445-PZWGX,1
5445-UTODQ,1
5446-DKWYW,0
5447-VYTKW,0
5447-WZAFP,0
5448-VWNAM,0
5449-FIBXJ,1
5451-MHQOF,0
5451-YHYPW,0
5453-AXEPF,0
5453-YBTWV,0
5456-ITGIC,0
5457-COLHT,0
5458-CQJTA,1
5461-QKNTN,0
5465-BUBFA,0
5468-BPMMO,0
5469-CTCWN,1
5469-NUJUR,0
5472-CVMDX,0
5473-KHBPS,0
5474-LAMUQ,0
5478-JJVZK,0
5480-HPRRX,1
5480-TBGPH,1
5480-XTFFL,0
5481-NTDOH,0
5482-NUPNA,1
5482-PLVPE,1
5482-VXSXJ,0
5485-ITNPC,0
5485-WUYWF,1
5493-SDRDQ,1
5494-HECPR,1
5494-WOZRZ,0
5495-GPSRW,0
5498-IBWPI,0
5498-TXHLF,1
5499-ECUTN,0
5501-TVMGM,0
5502-RLUYV,1
5504-WSIUR,0
5505-OVWQW,0
5510-BOIUJ,1
5512-IDZEI,0
5514-YQENT,0
5515-AKOAJ,1
5515-IDEJJ,1
5515-RUGKN,0
5519-NPHVG,1
5519-TEEUH,0
5519-YLDGW,1
5520-FVEWJ,1
5522-JBWMO,0
5522-NYKPB,0
5524-KHNJP,0
5527-ACHSO,0
5529-GIBVH,0
5533-NHFRF,0
5533-RJFTJ,0
5536-RTPWK,1
5536-SLHPM,1
5537-UXXVS,0
5539-HIVAK,0
5539-TMZLF,1
5542-DHSXL,0
5542-NKVRU,0
5542-TBBWB,0
5543-QDCRY,0
5546-BYZSM,0
5546-QUERU,0
5549-ZGHFB,0
5550-VFRLC,1
5552-ZNFSJ,1
5553-AOINX,0
5555-RNPGT,0
5561-NWEVX,1
5562-BETPV,0
5562-YJQGT,0
5564-NEMQO,1
5565-FILXA,1
5566-SOEZD,0
5567-GZKQY,0
5567-WSELE,1
5568-DMXZS,0
5569-IDSEY,0
5569-KGJHX,1
5569-OUICF,1
5570-PTWEH,1
5572-ZDXHY,1
5574-NXZIU,0
5575-GNVDE,0
5575-TPIZQ,0
5577-OTWWW,1
5578-NKCXI,0
5583-EJXRD,0
5583-SXDAG,1
5590-BYNII,1
5590-YRFJT,1
5590-ZSKRV,0
5593-SUAOO,0
5597-GLBUC,1
5598-IKHQQ,0
5599-HVLTW,0
5600-KTXFM,0
5600-PDUJF,0
5602-BVFMK,0
5605-IYGFG,0
5605-XNWEN,0
5606-AMZBO,0
5609-CEBID,1
5609-IMCGG,0
5614-DNZCE,0
5616-PRTNT,1
5619-PTMIK,0
5619-XZZKR,0
5622-UEJFI,0
5624-BQSSA,1
5624-RYAMH,0
5626-MGTUK,0
5627-TVBPP,0
5628-FCGYG,0
5628-RKIFK,0
5630-AHZIL,0
5630-IXDXV,0
5639-NTUPK,0
5640-CAXOA,0
5641-DMBFJ,0
5642-MHDQT,0
5644-PDMZC,1
5647-FXOTP,0
5647-URDKA,0
5649-ANRML,1
5649-RXQTV,0
5649-TJHOV,1
5649-VUKMC,1
5650-VDUDS,1
5650-YLIBA,0
5651-CPDND,0
5651-CRHKQ,0
5651-WYIPH,0
5651-YLPRD,0
5652-MSDEY,0
5655-JSMZM,1
5656-JAMLX,0
5656-MJEFC,0
5663-QBGIS,0
5666-CYCYZ,0
5666-MBJPT,0
5668-MEISB,0
5669-SRAIP,1
5671-RQRLP,0
5671-UUNXD,0
5673-FSSMF,1
5673-TIYIB,1
5676-CFLYY,0
5678-VFNEQ,0
5680-LQOGP,0
5681-LLOEI,0
5684-FJVYR,0
5685-IIXLY,1
5686-CMAWK,0
5687-DKDTV,1
5688-KZTSN,1
5692-FPTAH,1
5692-ICXLW,0
5693-PIPCS,0
5696-CEIQJ,0
5696-EXCYS,0
5696-JVVQY,0
5696-QURRL,1
5697-GOMBF,0
5698-BQJOH,1
5699-BNCAS,0
5701-GUXDC,0
5701-SVCWR,0
5701-YVSVF,0
5701-ZIKJE,0
5702-KVQRD,0
5702-SKUOB,0
5707-ORNDZ,1
5707-ZMDJP,0
5708-EVONK,1
5709-LVOEQ,0
5712-AHQNN,0
5712-PTIWW,1
5712-VBOXD,0
5716-EZXZN,0
5716-LIBJC,0
5724-BIDBU,0
5726-CVNYA,0
5727-MYATE,0
5729-KLZAR,1
5730-DBDSI,0
5730-RIITO,0
5732-IKGQH,0
5734-EJKXG,0
5736-YEJAX,0
5740-YHGTW,0
5743-KHMNA,0
5747-PMBSQ,1
5748-RNCJT,1
5751-USDBL,0
5753-QQWPW,0
5756-JYOJT,0
5756-OZRIO,0
5759-RCVCB,1
5760-FXFVO,0
5760-IFJOZ,0
5760-WRAHC,0
5762-TJXGK,0
5766-FTRTS,0
5766-XQXMQ,1
5766-ZJYBB,1
5774-QPLTF,0
5774-XZTQC,0
5777-KJIRB,0
5777-ZPQNC,0
5778-BVOFB,0
5780-INQIK,0
5781-BKHOP,0
5781-RFZRP,0
5787-KXGIY,0
5788-YPOEG,0
5789-LDFXO,0
5791-KAJFD,0
5792-JALQC,0
5793-YOLJN,0
5795-BKOYE,0
5795-KTGUD,0
5797-APWZC,1
5799-JRCZO,0
5802-ADBRC,0
5803-NQJZO,0
5804-HYIEZ,0
5804-JMYIO,0
5804-LEPIM,1
5808-TOTXO,0
5811-IWXYM,0
5813-UECBU,1
5815-HGGHV,0
5816-JMLGY,0
5816-QVHRX,0
5816-SCGFC,0
5820-PTRYM,0
5821-MMEIL,0
5825-XJOCM,0
5827-MWCZK,0
5828-AVIPD,1
5828-DWPIL,0
5829-NVSQN,0
5832-EXGTT,0
5832-TRLPB,0
5832-XKAES,1
5834-ASPWA,1
5835-BEQEU,1
5837-LXSDN,0
5839-SUYVZ,0
5840-NVDCG,0
5842-POCOP,1
5843-TTHGI,0
5844-QVTAT,0
5845-BZZIB,0
5846-ABOBJ,0
5846-NEQVZ,0
5846-QFDFI,0
5847-MXBEO,0
5848-FHRFC,0
5849-ASHZJ,0
5850-BDWCY,0
5854-KSRBJ,0
5855-EIBDE,0
5857-TYBCJ,0
5857-XRECV,0
5858-EAFCZ,0
5859-HZYLF,0
5862-BRIXZ,0
5863-OOKCL,0
5868-CZJDR,1
5868-YTYKS,0
5868-YWPDW,1
5871-DGTXZ,0
5872-OEQNH,0
5875-YPQFJ,1
5876-HZVZM,1
5876-QMYLD,0
5879-HMFFH,0
5879-SESNB,0
5882-CMAZQ,0
5883-GTGVD,1
5884-FBCTL,0
5884-GCYMI,1
5886-VLQVU,0
5887-IKKYO,0
5889-JTMUL,1
5889-LFOLL,1
5893-KCLGT,0
5893-PYOLZ,0
5895-QSXOD,0
5896-NPFWW,1
5897-ZYEKH,0
5898-IGSLP,0
5899-MQZZL,1
5899-OUVKV,0
5902-WBLSE,0
5906-BFOZT,0
5906-CVLHP,1
5906-DVAPM,0
5908-QMGOE,1
5909-ECHUI,1
5913-INRQV,0
5914-DVBWJ,1
5914-GXMDA,0
5914-XRFQB,0
5915-ANOEI,0
5915-DGNVC,0
5916-QEWPT,0
5917-HBSDW,0
5917-RYRMG,0
5918-VUKWP,0
5919-TMRGD,1
5919-VCZYM,0
5921-NGYRH,0
5922-ABDVO,1
5923-GXUOC,1
5924-IFQTT,0
5924-SNGKP,0
5928-QLDHB,0
5930-GBIWP,0
5931-FLJJF,1
5934-RMPOV,0
5934-TSSAU,0
5935-FCCNB,0
5937-EORGB,0
5939-SXWHM,0
5939-XAIXZ,0
5940-AHUHD,1
5940-NFXKV,1
5944-UGLLK,0
5945-AZYHT,0
5947-SGKCL,0
5948-UJZLF,0
5949-EBSQK,1
5949-HGVJL,0
5949-XIKAE,1
5950-AAAGJ,0
5951-AOFIH,0
5954-BDFSG,0
5955-EPOAZ,0
5955-ERIHD,1
5956-VKDTT,1
5956-YHHRX,0
5959-BELXA,1
5960-MVTUK,0
5960-WPXQM,1
5961-VUSRV,0
5965-GGPRW,0
5966-EMAZU,0
5968-HYJRZ,0
5968-VXZLG,0
5968-XQIVE,0
5970-GHJAW,0
5973-EJGDP,0
5975-BAICR,0
5976-JCJRH,1
5977-CKHON,0
5980-BDHPY,0
5980-NOPLP,1
5981-ITEMU,1
5981-ZVXOT,0
5982-FPVQN,0
5982-PSMKW,0
5982-XMDEX,0
5985-BEHZK,0
5985-TBABQ,0
5986-WWXDV,0
5989-AXPUC,0
5989-OMNJE,0
5989-PGKJB,0
5993-BQHEA,0
5993-JSUWV,0
5995-LFTLE,0
5995-OIGLP,1
5995-SNNEW,0
5995-WWKKG,0
5996-DAOQL,0
5996-EBTKM,0
5996-NRVXR,0
5997-OPVFA,0
5998-DZLYR,0
5998-VVEJY,1
5999-LCXAO,0
6000-APYLU,1
6000-UKLWI,0
6005-OBZPH,1
6007-TCTST,0
6008-NAIXK,0
6010-DDPPW,0
6013-BHCAW,0
6015-VVHHE,1
6016-LVTJQ,0
6016-NXBNJ,0
6017-PPLPX,1
6022-KOUQO,0
6022-UGGSO,1
6023-GSSXW,0
6023-YEBUP,1
6024-RUGGH,0
6029-CSMJE,0
6029-WTIPC,1
6030-REHUX,0
6032-IGALN,1
6032-KRXXO,1
6034-YMTOB,0
6034-ZRYCV,1
6035-BXTTY,0
6035-RIIOM,0
6036-TTFYU,0
6038-GCYEC,1
6040-CGACY,0
6047-SUHPR,0
6047-YHPVI,1
6048-NJXHX,0
6048-QBXKL,0
6048-UWKAL,0
6050-FFXES,0
6050-IJRHS,0
6051-PTVNS,0
6060-DRTNL,1
6060-QBMGV,0
6061-GWWAV,0
6061-PQHMK,0
6064-PUPMC,0
6064-ZATLR,0
6067-NGCEU,0
6072-NUQCB,0
6075-QMNRR,0
6075-SLNIL,0
6077-BDPXA,0
6078-VESFR,0
6080-LNESI,0
6080-TCMYC,0
6082-GLJIX,0
6082-OQFBA,0
6086-ESGRL,1
6087-MVHJH,1
6087-YPWHO,0
6088-BXMRG,0
6092-QZVPP,0
6094-ZIVKX,0
6096-EGVTU,0
6097-EQISJ,1
6100-FJZDG,0
6100-QQHEB,1
6101-IMRMM,1
6103-BOCOU,0
6103-LIANB,0
6103-QCKFX,0
6108-OQZDQ,1
6110-OHIHY,1
6112-KTHFQ,0
6114-TCFID,0
6115-ZTBFQ,0
6116-RFVHN,0
6119-SPUDB,0
6120-RJKLU,0
6121-TNHBO,0
6121-VZNQB,1
6122-EFVKN,0
6122-LJADA,0
6124-ACRHJ,0
6127-ISGTU,1
6127-IYJOZ,0
6128-AQBMT,0
6128-CZOMY,1
6128-DAFVY,0
6131-FOYAS,0
6131-IUNXN,0
6131-JLWZM,0
6133-OZILE,0
6134-KWTBV,0
6135-OZQVA,0
6137-MFAJN,0
6137-NICCO,0
6139-ZZRBQ,0
6140-QNRQQ,1
6141-OOXUQ,1
6142-VSJQO,1
6143-JQKEA,0
6145-NNPNO,0
6147-CBCRA,0
6152-ONASV,0
6156-UZDLF,0
6158-DWPZT,1
6158-HDPXZ,0
6161-ERDGD,0
6161-UUUTA,1
6164-HAQTX,0
6164-HXUGH,0
6166-ILMNY,1
6166-YIPFO,0
6168-WFVVF,1
6168-YBYNP,0
6169-PGNCD,0
6169-PPETC,0
6171-ZTVYB,0
6172-FECYY,1
6173-GOLSU,0
6173-ITPWD,1
6174-NRBTZ,0
6175-IRFIT,0
6176-YJWAS,0
6177-PEVRA,0
6178-KFNHS,1
6179-GJPSO,1
6180-YBIQI,0
6181-AXXYF,0
6184-DYUOB,0
6185-TASNN,0
6188-UXBBR,0
6194-HBGQN,0
6195-MELTI,0
6196-HBOBZ,0
6198-PNNSZ,0
6198-RTPMF,0
6198-ZFIOJ,0
6199-IPCAO,0
6199-IWKGC,0
6202-DYYFX,0
6202-JVYEU,0
6203-HBZPA,0
6204-IEUXJ,1
6207-WIOLX,1
6210-KBBPI,1
6211-WHMYA,0
6211-WWLTF,0
6212-ATMLK,0
6214-EDAKZ,1
6215-NQCPY,0
6217-KDYWC,0
6217-TOWGS,0
6218-KNUBD,0
6221-AVQYL,1
6223-DHJGV,0
6227-FBDXH,0
6227-HWPWX,1
6229-LSCKB,0
6229-UOLQL,0
6230-BSUXY,1
6231-WFGFH,0
6233-HXJMX,0
6234-PFPXL,0
6234-RAAPL,0
6235-VDHOM,1
6240-EURKS,1
6242-FEGFD,0
6242-MBHPK,0
6242-SGYTS,0
6243-OZGFH,0
6244-BESBM,0
6248-BSHKG,0
6248-TKCQV,0
6250-CGGUN,0
6252-DFGTK,0
6253-GNHWH,0
6253-WRFHY,0
6257-DTAYD,0
6257-RJOHI,0
6258-NGCNG,0
6258-PVZWJ,0
6259-WJQLC,0
6260-ONULR,0
6260-XLACS,0
6261-LHRTG,0
6261-RCVNS,1
6265-FRMTQ,0
6265-SXWBU,0
6266-QHOJZ,0
6267-DCFFZ,0
6270-OMFIW,1
6275-YDUVO,1
6278-FEPBZ,0
6281-FKEWS,0
6283-GITPX,0
6284-AHOOQ,1
6284-KMNUF,0
6285-FTQBF,0
6286-SUUWT,0
6286-ZHAOK,0
6288-CHQJB,0
6288-LBEAR,0
6289-CPNLD,1
6292-TOSSS,0
6295-OSINB,0
6296-DDOOR,0
6297-NOOPG,0
6298-QDFNH,1
6300-BWMJX,0
6302-JGYRJ,1
6303-KFWSL,0
6304-IJFSQ,1
6305-YLBMM,1
6308-CQRBU,0
6311-UEUME,1
6313-GIDIT,1
6317-YPKDH,1
6319-IEJWJ,1
6319-QSUSR,0
6322-HRPFA,0
6322-PJJDJ,0
6323-AYBRX,1
6326-MTTXK,1
6328-ZPBGN,1
6330-JKLPC,1
6331-EWIEB,1
6331-LWDTQ,1
6332-FBZRI,0
6333-YDVLT,0
6338-AVWCY,1
6339-DKLMK,0
6339-RZCBJ,0
6339-TBELP,0
6339-YPSAH,0
6340-DACFT,0
6341-AEVKX,0
6341-JVQGF,0
6344-SFJVH,0
6345-FZOQH,0
6345-HOVES,0
6345-ULYRW,1
6347-DCUIK,1
6348-SNFUS,0
6349-JDHQP,0
6350-XFYGW,0
6351-SCJKT,0
6352-GIGGQ,0
6352-TWCAU,1
6353-BRMMA,0
6356-ELRKD,1
6357-JJPQT,0
6358-LYNGM,1
6360-SVNWV,0
6362-QHAFM,0
6365-HITVU,0
6365-MTGZX,1
6366-XIVKZ,0
6366-ZGQGL,1
6368-NWMCE,0
6368-TZZDT,0
6369-MCAKO,0
6370-ZVHDV,0
6371-NZYEG,0
6372-RFVNS,1
6374-AFWOX,0
6374-NTQLP,0
6376-GAHQE,1
6377-KSLXC,0
6377-WHAOX,0
6379-RXJRQ,1
6380-ARCEH,0
6383-ZTSIW,0
6384-VMJHP,0
6386-SZZKH,1
6388-TABGU,0
6390-DSAZX,1
6393-WRYZE,1
6394-HHHZM,0
6394-MFYNG,1
6397-JNZZG,1
6400-BWQKW,1
6402-EJMWF,0
6402-SSEJG,0
6402-ZFPPI,1
6407-GSJNL,0
6407-UTSLV,0
6408-OTUBZ,0
6408-WHTEF,0
6410-LEFEN,1
6413-XKKPU,1
6416-JNVRK,0
6416-TVAIH,1
6416-YJTTB,0
6418-HNFED,0
6418-PIQSP,0
6419-ZTTLE,0
6421-SZVEM,0
6424-ELEYH,1
6425-JWTDV,0
6425-YQLLO,1
6427-FEFIG,0
6429-SHBCB,0
6432-TWQLB,1
6434-TTGJP,0
6435-SRWBJ,0
6435-VWCCY,0
6437-UDQJM,0
6437-UKHMV,1
6439-GTPCA,1
6439-LAJXL,0
6439-PKTRR,0
6440-DKQGE,0
6445-TNRXS,0
6447-EGDIV,0
6447-GORXK,0
6457-GIRWB,1
6457-USBER,1
6458-CYIDZ,0
6461-PPAXN,0
6461-SZMCV,0
6463-HHXJR,0
6463-MVYRY,0
6464-KEXXH,0
6465-GSRCL,0
6467-CHFZW,1
6469-MRVET,0
6469-QJKZW,0
6473-ULUHT,0
6474-FVJLC,1
6475-VHUIZ,0
6476-EPYZR,0
6476-YHMGA,0
6478-HRRCZ,0
6479-OAUSD,0
6479-SZPLM,0
6479-VDGRK,0
6480-YAGIY,0
6481-ESCNL,0
6481-LXPWL,0
6481-OGDOO,1
6483-OATDN,0
6484-LATFU,0
6485-QXWWE,0
6486-LHTMA,0
6490-FGZAT,0
6496-JDSSB,0
6496-SLWHQ,1
6497-TILVL,0
6500-JVEGC,0
6502-HCJTI,1
6502-KUGLL,0
6502-MJQAE,1
6504-VBLFL,0
6505-OZNPG,0
6506-EYCNH,0
6507-DTJZV,0
6507-ZJSUR,0
6508-NJYRO,0
6509-TSGWN,0
6510-UPNKS,0
6513-EECDB,1
6516-NKQBO,0
6518-KZXCB,0
6518-LGAOV,1
6518-PPLMZ,0
6519-CFDBX,0
6519-ZHPXP,0
6521-YYTYI,1
6522-OIQSX,0
6522-YRBXD,0
6527-PZFPV,0
6532-YLWSI,1
6537-OTKMY,0
6537-QLGEX,0
6538-POCHL,0
6542-LWGXJ,0
6543-CPZMK,1
6543-JXSOO,0
6543-XRMYR,1
6546-OPBBH,0
6549-BTYPG,0
6549-NNDYT,0
6549-YMFAW,0
6551-GNYDG,0
6551-VLJMV,0
6551-ZCOTS,0
6556-DBKZF,0
6557-BZXLQ,0
6559-ILWKJ,1
6559-PDZLR,0
6559-RAKOZ,0
6563-VNPMN,0
6563-VRERX,0
6567-HOOPW,1
6568-POCUI,0
6569-KTMDU,0
6572-ADKRS,0
6574-MCOEH,0
6575-SUVOI,0
6576-FBXOJ,0
6578-KRMAW,0
6579-JPICP,0
6581-NQCBA,1
6582-OIVSP,0
6582-PLFUU,0
6583-KQJLK,0
6583-QGCSI,1
6583-SZVGP,0
6584-VQMYT,0
6585-WCEWR,0
6586-MYGKD,0
6586-PSJOX,0
6591-QGOYB,0
6595-COKXZ,1
6595-YGXIT,1
6598-KELSS,0
6598-RFFVI,1
6599-CEBNN,1
6599-GZWCM,0
6599-RCLCJ,1
6599-SFQVE,0
6603-QWSPR,0
6603-YRDCJ,0
6608-QQLVK,1
6609-MXJHJ,0
6614-FHDBO,0
6614-VBEGU,0
6614-YOLAC,0
6614-YWYSC,0
6615-NGGZJ,1
6615-ZGEDR,1
6616-AALSR,0
6617-WLBQC,0
6618-RYATB,1
6619-RPLQZ,0
6620-HVDUJ,0
6620-JDYNW,0
6621-NRZAK,0
6621-YOBKI,0
6624-JDRDS,0
6625-FLENO,0
6625-IUTTT,0
6625-UTXEW,0
6627-CFOSN,0
6629-CZTTH,1
6629-LADHQ,0
6630-UJZMY,0
6631-HMANX,0
6633-MPWBS,1
6633-SYEUS,0
6635-CPNUN,0
6635-MYYYZ,1
6637-KYRCV,0
6641-XRPSU,1
6645-MXQJT,0
6646-JPPHA,0
6646-QVXLR,1
6646-VRFOL,1
6647-ZEDXT,0
6648-INWPS,0
6650-BWFRT,0
6650-VJONK,0
6651-AZVTJ,1
6651-RLGGM,0
6652-YFFJO,0
6653-CBBOM,1
6654-QGBZZ,0
6655-LHBYW,0
6656-GULJQ,0
6656-JWRQX,0
6661-EIPZC,0
6661-HBGWL,1
6663-JOCQO,0
6664-FPDAC,1
6668-CNMFP,0
6670-MFRPK,0
6671-NGWON,0
6674-KVJHG,0
6680-NENYN,1
6680-WKXRZ,1
6681-ZSEXG,0
6682-QJDGB,1
6682-VCIXC,0
6683-VLCTZ,1
6685-GBWJZ,0
6685-XSHHU,0
6686-YPGHK,1
6688-UZPWD,1
6689-KXGBO,1
6689-TCZHQ,1
6689-VRRTK,0
6691-CCIHA,0
6692-UDPJC,1
6692-YQHXC,0
6693-DJWTY,0
6693-FRIRW,0
6695-AMZUF,0
6695-FRVEC,0
6696-YDAYZ,0
6698-OXETB,0
6701-DHKWQ,0
6701-YVNQG,0
6702-OHFWR,1
6704-UTUKK,0
6705-LNMDD,0
6705-LXORM,0
6710-HSJRD,0
6711-FLDFB,1
6711-VTNRE,1
6712-OAWRH,1
6713-OKOMC,0
6715-OFDBP,1
6718-BDGHG,0
6719-FGEDO,0
6719-OXYBR,0
6723-CEGQI,0
6723-WSNTY,0
6725-TPKJO,0
6726-NNFWD,0
6726-WEXXK,0
6727-IOTLZ,0
6728-CZFEI,0
6728-DKUCO,0
6728-VOIFY,0
6728-WYQBC,0
6729-FZWSY,0
6729-GDNGC,0
6732-FZUGP,0
6732-VAILE,0
6733-LRIZX,0
6734-CKRSM,0
6734-FQAJX,0
6734-GMPVK,0
6734-JDTTV,0
6734-PSBAW,0
6736-DHUQI,0
6738-ISCBM,0
6741-EGCBI,0
6741-QRLUP,0
6743-HHQPF,0
6745-JEFZB,0
6746-WAUWT,0
6749-UTDVX,0
6752-APNJL,0
6754-LZUKA,0
6754-WKSHP,0
6762-NSODU,0
6762-QVYJO,0
6765-MBQNU,0
6766-HFKLA,0
6769-DCQLI,1
6769-DYBQN,1
6770-UAYGJ,0
6770-XUAGN,1
6771-XWBDM,1
6772-KSATR,1
6772-WFQRD,0
6773-LQTVT,0
6776-TLWOI,1
6777-TGHTM,1
6778-EICRF,0
6778-JFCMK,0
6778-YSNIH,0
6784-XYJAE,0
6786-OBWQR,0
6789-HJBWG,0
6791-YBNAK,0
6794-HKIAJ,0
6797-LNAQX,1
6797-UCJHZ,0
6804-GDMOI,1
6806-YDEUL,0
6807-SIWJI,0
6810-VCAEX,0
6813-GZQCG,0
6814-ZPWFQ,0
6815-ABQFQ,0
6817-WTYHE,0
6818-DJXAA,0
6818-WOBHJ,1
6821-BUXUX,1
6821-JPCDC,0
6823-SIDFQ,0
6825-UYPFK,1
6827-IEAUQ,0
6828-HMKWP,0
6833-JMZYP,0
6834-NXDCA,1
6837-BJYDQ,0
6837-HAEVO,0
6838-HVLXG,0
6838-YAUVY,0
6839-ITVZJ,1
6840-RESVB,0
6844-DZKRF,0
6845-RGTYS,1
6847-KJLTS,0
6848-HJTXY,0
6848-YLDFR,0
6849-OYAMU,1
6849-WLEYG,1
6851-WEFYX,0
6854-EXGSF,0
6855-VLGOS,0
6856-RAURS,0
6857-TKDJV,0
6857-VWJDT,1
6859-QNXIQ,0
6859-RKMZJ,0
6860-YRJZP,0
6861-OKBCE,1
6861-XWTWQ,1
6862-CQUMB,0
6865-JZNKO,0
6867-ACCZI,0
6869-FGJJC,0
6870-ECSHE,0
6870-ZWMNX,0
6872-HXFNF,0
6873-UDNLD,0
6874-SGLHU,0
6876-ADESB,1
6877-LGWXO,1
6877-TJMBR,1
6878-GGDWG,0
6885-PKOAM,0
6888-SBYAI,0
6890-PFRQX,0
6891-JPYFF,0
6892-BOGQE,0
6892-EZDTG,1
6892-XPFPU,1
6893-ODYYE,0
6894-LFHLY,1
6896-SRVYQ,0
6897-RWMUB,0
6897-UUBNU,0
6898-MDLZW,0
6898-RBTLU,0
6899-PPEEA,1
6900-PXRMS,1
6900-RBKER,0
6901-GOGZG,0
6904-JLBGY,0
6905-NIQIN,1
6906-ANDWJ,1
6906-MPARY,0
6907-CQGPN,0
6907-FLBER,0
6907-NZZIJ,1
6908-VVYHM,0
6910-HADCM,1
6916-HIJSE,0
6917-FIJHC,0
6917-IAYHD,0
6917-YACBP,0
6918-UMQCG,0
6919-ELBGL,0
6921-OZMFH,0
6922-NCEDI,0
6923-AQONU,0
6923-EFPNL,1
6923-JHPMP,0
6924-TDGMT,0
6925-BAYGL,0
6927-WTFIV,1
6928-ONTRW,0
6933-FHBZC,0
6933-VLYFX,0
6937-GCDGQ,0
6941-KXRRV,0
6941-PMGEP,1
6942-LBFDP,0
6946-LMSQS,1
6950-TWMYB,0
6952-OMNWB,0
6953-PBDIN,0
6954-OOYZZ,0
6956-SMUCM,1
6959-GQEGV,0
6959-UWKHF,1
6960-HVYXR,1
6961-MJKBO,0
6961-VCPMC,1
6963-EZQEE,0
6963-KQYQB,0
6967-PEJLL,0
6967-QIQRV,0
6968-GMKPR,0
6968-MHOMU,0
6968-URWQU,0
6969-MVBAI,0
6972-SNKKW,0
6974-DAFLI,0
6976-BWGLQ,0
6979-TNDEU,0
6979-ZNSFF,1
6980-CDGFC,0
6980-IMXXE,0
6981-TDRFT,0
6982-SSHFK,1
6982-UQZLY,1
6985-HAYWX,0
6986-IJDHX,1
6986-IXNDM,0
6987-XQSJT,1
6988-CJEYV,0
6990-YNRIO,1
6992-TKNYO,0
6993-OHLXR,1
6993-YCOBK,0
6993-YGFJV,0
6994-FGRHH,0
6994-KERXL,0
6994-ORCWG,0
6996-KNSML,1
6997-UVGOX,0
6999-CHVCF,0
7000-WCEVQ,1
7005-CCBKV,1
7005-CYUIL,0
7008-LZVOZ,0
7009-LGECI,0
7009-PCARS,0
7010-BRBUU,0
7010-ZMVBF,0
7011-CVEUC,0
7013-PSXHK,0
7014-ZZXAW,0
7016-BPGEU,1
7016-NVRIC,0
7017-VFHAY,0
7017-VFULY,0
7018-FPXHH,0
7018-WBJNK,0
7020-OZKXZ,0
7021-XSNYE,0
7024-OHCCK,1
7025-IWFHT,0
7025-WCBNE,0
7026-YMSBE,0
7028-DVOIQ,1
7029-IJEJK,0
7029-RPUAV,1
7030-FZTFM,0
7030-NJVDP,0
7032-LMBHI,0
7033-CLAMM,0
7036-TYDEC,0
7036-ZZKBD,0
7037-MTYVW,0
7041-TXQJH,0
7044-YAACC,0
7047-FWEYA,0
7047-YXDMZ,0
7048-GXDAY,0
7049-GKVZY,0
7054-DMVAS,0
7054-ENNGU,0
7054-LGEQW,1
7055-HNEOJ,0
7055-JCGNI,0
7055-VKGDA,1
7056-IMHCC,1
7061-OVMIM,0
7064-FRRSW,0
7064-JHXCE,0
7065-YUNRY,1
7067-KSAZT,1
7072-MBHEV,0
7073-QETQY,0
7074-IEVOJ,1
7074-STDCN,0
7075-BNDVQ,0
7077-XJMET,0
7078-NVFAM,0
7079-QRCBC,1
7080-TNUWP,0
7083-MIOPC,0
7083-YNSKY,1
7088-FBAWU,0
7089-IVVAZ,1
7089-RKVSZ,0
7089-XXAYG,0
7094-MSZAO,0
7096-UCLNH,0
7096-ZNBZI,0
7100-FQPRV,0
7101-HRBLJ,0
7102-JJVTX,0
7103-IPXPJ,0
7103-ZGVNT,0
7105-BENQF,0
7105-MXJLL,0
7107-UBYKY,0
7108-DGVUU,0
7109-CQYUZ,0
7109-MFBYV,0
7110-BDTWG,0
7112-OPOTK,1
7113-HIPFI,0
7114-AEOZE,0
7115-IRDHS,0
7120-RFMVS,1
7123-WQUHX,0
7124-UGSUR,1
7126-RBHSD,0
7128-GGCNO,0
7129-ACFOG,0
7129-AZJDE,0
7129-CAKJW,0
7130-CTCUS,0
7130-VTEWQ,1
7130-YXBRO,0
7131-ZQZNK,0
7133-VBDCG,1
7134-HBPBS,0
7134-MJPDY,0
7136-IHZJA,0
7136-RVDTZ,1
7137-NAXML,0
7137-RYLPP,1
7138-GIRSH,0
7139-JZFVG,0
7140-ADSMJ,0
7142-HVGBG,1
7143-BQIBA,0
7145-FEJWU,0
7147-AYBAA,0
7148-XZPHA,0
7153-CHRBV,0
7153-OANIO,1
7156-MHUGY,1
7156-MXBJE,0
7157-SMCFK,0
7159-FVYPK,0
7159-NOKYQ,0
7161-DFHUF,0
7162-WPHPM,0
7163-OCEQI,0
7164-BPTUT,0
7167-PCEYD,0
7168-HDQHG,0
7169-YWAMK,0
7173-TETGO,0
7175-NTIXE,0
7176-WIONM,0
7176-WRTNX,0
7180-PISOG,1
7181-BQYBV,1
7181-OQCUT,0
7182-OVLBJ,0
7184-LRUUR,0
7188-CBBBA,0
7190-XHTWJ,0
7191-ADRGF,0
7196-LIWRH,0
7197-VOJMM,0
7198-GLXTC,1
7203-OYKCT,0
7205-BAIAD,0
7206-GZCDC,1
7206-PQBBZ,0
7207-RMRDB,1
7208-PSIHR,0
7209-JCUDS,1
7216-EWTRS,1
7216-KAOID,0
7217-JYHOQ,0
7218-HKQFK,1
7219-TLZHO,0
7225-CBZPL,0
7225-IILWY,0
7228-OMTPN,1
7228-PAQPD,0
7233-DRTRF,0
7233-IOQNP,0
7233-PAHHL,0
7234-FECYN,1
7234-KMNRQ,0
7235-NXZCP,1
7239-HZZCX,1
7240-ETPTR,1
7240-FQLHE,1
7241-AJHFS,0
7242-EDTYC,0
7242-QZLXF,1
7243-LCGGZ,0
7244-KXYZN,0
7244-QWYHG,0
7245-JMTTQ,0
7245-NIIWQ,0
7246-ZGQDF,0
7247-XOZPB,0
7248-VZQLC,1
7249-WBIYX,1
7250-EQKIY,1
7251-LJBQN,0
7251-XFOIL,0
7252-NTGSS,0
7253-UVNDW,1
7254-IQWOZ,1
7255-SSFBC,0
7266-GSSJX,0
7267-FRMJW,0
7268-IGMFD,0
7268-WNTCP,0
7269-JISCY,0
7270-BDIOA,1
7271-AJDTL,0
7272-QDCKA,0
7273-TEFQD,1
7274-CGTOD,0
7274-RTAPZ,1
7277-KAMWT,0
7277-OZCGZ,0
7278-CKDNC,0
7279-BUYWN,1
7279-NMVJC,0
7284-BUYEC,0
7284-ZZLOH,0
7285-KLOTR,0
7291-CDTMJ,0
7293-LSCDV,0
7294-TMAOP,1
7295-JOMMD,1
7296-PIXQY,0
7297-DVYGA,0
7298-IZWLY,0
7299-GNVPL,0
7301-ABVAD,0
7302-ZHMHP,0
7305-ZWMAJ,0
7306-YDSOI,0
7310-EGVHZ,0
7311-MQJCH,0
7312-XSBAT,0
7314-OXENN,1
7315-WYOAW,0
7317-GGVPB,1
7318-EIVKO,0
7319-VENRZ,0
7319-ZNRTR,0
7321-KKSDU,0
7321-PKUYW,1
7321-VGNKU,0
7321-ZNSLA,0
7322-OCWHC,0
7325-ENZFI,0
7326-RIGQZ,0
7328-OWMOM,0
7328-ZJAJO,0
7330-WZLNC,1
7336-RLLRH,0
7337-CINUD,0
7338-ERIVA,0
7339-POGZN,0
7340-KEFQE,0
7341-LXCAF,1
7343-EOBEU,0
7346-MEDWM,0
7349-ALMUX,0
7351-KYHQH,0
7351-MHQVU,0
7353-YOWFP,0
7354-OIJLX,0
7356-AYNJP,0
7356-IWLFW,0
7359-PTSXY,1
7359-SSBJK,1
7359-WWYJV,0
7361-YPXFS,0
7363-QTBIW,0
7365-BVCJH,0
7369-TRPFD,0
7375-WMVMT,0
7377-DMMRI,1
7379-FNIUJ,0
7379-POKDZ,1
7382-DFJTU,0
7384-GHBPI,1
7389-KBFIT,0
7392-YYPYJ,0
7394-FKDNK,1
7394-LWLYN,0
7395-IGJOS,1
7395-XWZOY,0
7396-VJUZB,0
7398-HPYZQ,0
7398-LXGYX,0
7398-SKNQZ,0
7399-QHBJS,0
7401-JIXNM,0
7401-RUBNK,0
7402-EYFXX,0
7402-PWYJJ,0
7404-JLKQG,0
7407-SUJIZ,0
7408-OFWXJ,0
7409-JURKQ,0
7409-KIUTL,1
7410-KTVFV,1
7410-OIEDU,0
7410-YTJIK,1
7416-CKTEP,0
7421-ZLUPA,0
7422-WNBTY,0
7426-GSWPO,0
7426-RHZGU,0
7426-WEIJX,0
7427-AUFPY,0
7432-FFVAR,0
7434-SHXLS,1
7435-ZNUYY,0
7439-DKZTW,0
7442-YGZFK,0
7445-WMRBW,0
7446-KQISO,0
7446-SFAOA,0
7446-YPODE,0
7449-HVPIV,0
7450-NWRTR,1
7452-FOLON,0
7459-IMVYU,0
7459-RRWQZ,1
7460-ITWWP,0
7463-IFMQU,0
7465-ZZRVX,0
7469-LKBCI,0
7470-DYNOE,0
7470-MCQTK,1
7471-MQPOS,0
7471-WNSUF,0
7472-EQOAV,0
7473-ZBDSN,0
7479-NITWS,1
7480-QNVZJ,1
7480-SPLEF,0
7481-ATQQS,1
7483-IQWIB,0
7486-KSRVI,1
7488-MXJIV,1
7492-TAFJD,0
7493-GVFIO,0
7493-TPUWZ,1
7495-OOKFY,1
7501-IWUNG,0
7501-VTYLJ,0
7502-BNYGS,0
7503-EPSZW,0
7503-MIOGA,0
7503-QQRVF,1
7503-ZGUZJ,1
7504-UWHNB,0
7508-DQAKK,0
7508-KBIMB,0
7508-MYBOG,1
7508-SMHXL,0
7511-YMXVQ,1
7515-LODFU,0
7516-GMHUV,0
7517-LDMPS,0
7517-SAWMO,1
7519-JTWQH,0
7520-HQWJU,0
7521-AFHAB,0
7521-YXVZY,0
7524-VRLPL,0
7526-BEZQB,1
7526-IVLYU,0
7527-QNRUS,0
7529-ZDFXI,0
7530-HDYDS,1
7531-GQHME,0
7534-BFESC,1
7537-CBQUZ,0
7537-RBWEA,0
7538-GWHML,1
7541-YLXCL,1
7542-CYDDM,0
7544-ZVIKX,0
7547-EKNFS,1
7548-SEPYI,1
7549-MYGPK,1
7550-WIQVA,0
7551-DACSP,1
7551-JOHTI,1
7552-KEYGT,0
7554-AKDQF,0
7554-NEWDD,0
7558-IMLMT,0
7560-QJAVJ,0
7560-QRBXH,0
7562-GSUHK,1
7562-UXTPG,0
7563-BIUPC,1
7564-GHCVB,0
7566-DSRLQ,0
7567-ECMCM,0
7568-PODML,1
7569-NMZYQ,0
7570-WELNY,0
7571-YXDAD,1
7572-KPVKK,0
7576-ASEJU,0
7576-JMYWV,0
7576-OYWBN,1
7577-SWIFR,0
7579-KKLOE,0
7579-OOPEC,1
7580-UGXNC,1
7581-EBBOU,0
7586-ZATGZ,0
7587-AOVVU,0
7587-RZNME,1
7590-VHVEG,0
7593-JNWRU,1
7593-XFKDI,1
7594-LZNWR,0
7594-RQHXR,1
7595-EHCDL,0
7595-EUIVN,1
7596-IIWYC,0
7596-LDUXP,0
7596-ZYWBB,0
7598-UAASY,1
7599-FKVXZ,1
7599-NTMDP,0
7601-DHFWZ,0
7601-GNDYK,0
7601-WFVZV,0
7602-DBTOU,0
7602-MVRMB,0
7603-USHJS,1
7605-BDWDC,0
7605-SNLQG,0
7606-BPHHN,0
7607-QKKTJ,0
7608-RGIRO,0
7609-NRNCA,0
7609-YBPXG,0
7610-TVOPG,0
7611-YKYTC,0
7613-LLQFO,1
7614-QVWQL,1
7615-ESMYF,1
7617-EYGLW,0
7619-ODSGN,1
7619-PLRLP,0
7621-VPNET,0
7622-FWGEW,0
7622-NXQZR,0
7623-HKYRK,0
7623-TRNQN,1
7625-XCQRH,1
7627-JKIAZ,1
7629-WFGLW,0
7629-WIXZF,0
7632-MNYOY,1
7632-YUTXB,0
7633-MVPUY,0
7634-HLQJR,0
7634-WSWDB,0
7636-OWBPG,0
7636-PEPNS,0
7636-XUHWW,0
7638-QVMVY,1
7639-LIAYI,0
7639-OPLNG,0
7639-SUPCW,1
7641-EUYET,1
7641-TQFHN,0
7643-RCHXS,0
7644-OMVMY,0
7647-GYYKX,0
7649-PHJVR,0
7649-SIJJF,0
7654-YWJUF,0
7657-DYEPJ,1
7658-UYUQS,0
7660-HDPJV,1
7661-CPURM,0
7663-CUXZB,0
7663-RGWBC,1
7663-YJHSN,0
7663-ZTEGJ,0
7665-NKLAV,0
7665-TOALD,1
7665-VIGUD,0
7666-WKRON,1
7668-XCFYV,0
7669-LCRSD,0
7670-ZBPOQ,0
7672-VFMXZ,0
7673-BQGKU,0
7673-LPRNY,0
7674-YTAFD,0
7675-OZCZG,1
7677-SJJJK,0
7682-AZNDK,0
7683-CBDKJ,1
7684-XSZIY,0
7688-AWMDX,0
7690-KPNCU,0
7691-KGKGP,0
7691-XVTZH,0
7693-LCKZL,1
7693-QPEFS,0
7694-VLBWQ,1
7695-PKLCZ,0
7696-AMHOD,0
7696-CFTAT,0
7698-YFGEZ,0
7703-ZEKEF,1
7706-DZNKK,0
7706-YLMQA,0
7707-PYBBH,0
7710-JSYOA,0
7711-GQBZC,0
7711-YIJWC,0
7714-YXSMB,0
7716-YTYHG,1
7717-BICXI,0
7718-RXDGG,0
7718-UPSKJ,0
7721-DVEKZ,0
7721-JXEAW,1
7722-CVFXN,0
7722-VJRQD,0
7727-SHVZV,0
7729-JTEEC,0
7729-XBTWX,0
7730-CLDSV,0
7730-IUTDZ,1
7733-UDMTP,0
7734-DBOAI,1
7739-LAXOG,1
7740-BTPUX,0
7740-KKCXF,0
7742-MYPGI,0
7743-EXURX,1
7746-AWNQW,0
7746-QYVCO,0
7748-UMTRK,0
7750-EYXWZ,0
7752-XUSCI,1
7753-USQYQ,0
7754-IXRMC,0
7758-UJWYS,0
7758-XKCBS,1
7760-OYPDY,1
7762-ONLJY,0
7762-URZQH,1
7764-BDPEE,0
7765-LWVVH,0
7766-CLTIC,0
7767-UXAGJ,1
7771-CFQRQ,0
7771-ZONAT,0
7774-OJSXI,1
7776-QGYJC,0
7776-QWNFX,1
7777-UNYHB,0
7779-LGOVN,1
7779-ORAEL,0
7780-OTDSO,1
7781-EWARA,0
7781-HVGMK,0
7783-YKGDV,1
7785-RDVIG,0
7786-WBJYI,1
7787-BNTZM,0
7789-CRUVC,0
7789-HKSBS,0
7794-JASDG,0
7795-CFOCW,0
7797-EJMDP,0
7798-JVXYM,0
7799-DSEWS,0
7799-LGRDP,0
7801-CEDNV,0
7801-KICAO,0
7802-EFKNY,1
7803-XOCCZ,0
7808-DVWEP,0
7811-JIVPF,0
7812-FZHPE,1
7813-TKCVO,0
7813-ZGGAW,0
7814-LEEVE,0
7815-PDTHL,0
7816-VGHTO,0
7817-BOQPW,1
7817-OMJNA,0
7820-ZYGNY,0
7821-DPRQE,0
7823-JSOAG,0
7824-PANSQ,0
7825-ECJRF,1
7825-GKXMW,1
7826-VVKWT,0
7831-QGOXH,1
7833-PKIHD,0
7838-LAZFO,0
7839-NUIAA,0
7839-QRKXN,1
7841-FCRQD,0
7841-TZDMQ,1
7845-URHJN,1
7850-THJMU,0
7850-VWJUU,0
7851-FLGGQ,1
7851-WZEKY,1
7852-LECYP,0
7853-GVUDZ,1
7853-OETYL,0
7853-WNZSY,0
7854-EDSSA,1
7854-EKTJL,1
7854-FOKSF,1
7855-DIWPO,0
7856-GANIL,0
7858-GTZSP,0
7860-KSUGX,0
7860-UXCRM,0
7861-UVUFT,1
7868-BGSZA,0
7868-TMWMZ,0
7869-ZYDST,0
7872-BAAZR,0
7872-RDDLZ,0
7873-CVMAW,0
7874-ECPQJ,0
7876-AEHIG,0
7876-BEUTG,0
7876-DNYAP,0
7878-JGDKK,0
7878-RTCZG,0
7879-CGSFV,0
7880-XSOJX,0
7881-EVUAD,1
7881-INRLC,1
7883-ROJOC,0
7890-VYYWG,1
7892-POOKP,1
7892-QVYKW,0
7893-IXHRQ,1
7895-VONWT,0
7898-PDWQE,0
7901-HXJVA,0
7901-IIDQV,0
7901-TBKJX,0
7903-CMPEY,1
7905-NJMXS,0
7905-TVXTA,0
7908-QCBCA,1
7909-FIOIY,0
7912-SYRQT,1
7916-VCCPB,0
7919-ZODZZ,0
7921-BEPCI,0
7921-LMDFQ,0
7923-IYJWY,0
7924-GJZFI,0
7925-PNRGI,0
7926-IJOOU,0
7927-AUXBZ,1
7928-VJYAB,0
7929-DMBCV,0
7929-SKFGK,0
7931-PXHFC,1
7932-WPTDS,1
7938-OUHIO,1
7940-UQQUG,0
7941-RCJOW,0
7943-RQCHR,1
7945-HLKEA,0
7945-PRBVF,0
7950-XWOVN,0
7951-QKZPL,1
7951-VRDVK,0
7952-OBOYL,0
7954-MLBUN,0
7956-XQWGU,0
7957-RYHQD,1
7963-GQRMY,1
7963-SHNDT,0
7964-VEXDG,0
7964-YESJC,0
7964-ZRKKG,0
7966-YOTQW,0
7967-HYCDE,0
7968-QUXNS,0
7969-AULMZ,1
7969-FFOWG,0
7971-HLVXI,0
7973-DZRKH,0
7975-JMZNT,0
7975-TZMLR,0
7976-CICYS,0
7977-HXJKU,0
7978-DKUQH,0
7979-CORPM,1
7980-MHFLQ,0
7982-VCELR,0
7989-AWGEH,0
7989-CHGTL,1
7989-VCQOH,0
7993-NQLJE,0
7993-PYKOF,1
7994-UYIVZ,0
7994-XIRTR,0
7995-ZHHNZ,0
7996-BPXHY,0
7996-MHXLW,0
7997-EASSD,0
7998-WNZEM,0
7998-ZLXWN,0
8000-REIQB,1
8003-EWNDZ,0
8006-PYCSW,0
8007-YYPWD,0
8008-ESFLK,0
8008-HAWED,1
8008-OTEZX,0
8010-EZLOU,1
8012-SOUDQ,0
8015-IHCGW,0
8016-NCFVO,0
8016-ZMGMO,0
8017-LXHFA,1
8017-UVSZU,0
8019-ENHXU,1
8020-BWHYL,1
8022-BECSI,0
8023-QHAIO,0
8024-XNAFQ,0
8028-PNXHQ,0
8029-XYPWT,0
8033-ATFAS,0
8033-VCZGH,0
8034-RYTVV,0
8035-BUYVG,1
8035-PWSEV,0
8039-ACLPL,0
8039-EQPIM,0
8040-MNRTF,0
8041-TMEID,0
8042-JVNFH,1
8042-RNLKO,0
8043-PNYSD,0
8044-BGWPI,0
8046-DNVTL,0
8048-DSDFQ,0
8049-WJCLQ,0
8050-DVOJX,0
8050-WYBND,0
8050-XGRVL,0
8051-HJRLT,1
8053-WWDRO,1
8058-DMYRU,0
8058-INTPH,1
8058-JMEQO,1
8059-UDZFY,0
8060-HIWJJ,0
8062-YBDOE,1
8063-GBATB,1
8063-RJYNF,1
8064-RAVOH,0
8065-BVEPF,0
8065-QBYTO,0
8065-YKXKD,1
8066-POXGX,1
8067-NIOYM,0
8069-RHUXK,0
8069-YQQAJ,0
8070-AAWZP,0
8071-SBTRN,0
8073-IJDCM,1
8075-GXIUB,0
8076-FEZKJ,0
8079-XRJRS,1
8080-DDEMJ,1
8080-POTJR,0
8082-GHXOP,0
8083-YTZES,1
8084-OIVBS,0
8085-MSNLK,0
8086-OVPWV,1
8087-LGYHQ,0
8089-UZWLX,0
8091-TTVAX,0
8092-NLTGF,0
8095-WANWK,0
8096-LOIST,0
8097-OMULG,0
8097-VBQTZ,0
8098-LLAZX,1
8098-TDCBU,0
8099-MZPUJ,0
8100-HZZLJ,0
8100-PNJMH,0
8104-OSKWT,0
8106-GWQOK,0
8107-KNCIM,0
8107-RZLNV,0
8108-UXRQN,0
8109-YUOHE,0
8111-BKVDS,0
8111-RKSPX,1
8111-SLLHI,1
8118-LSUEL,1
8118-TJAFG,0
8120-JDCAM,0
8123-QBNAZ,0
8124-NZVGJ,0
8125-QPFJD,0
8128-YVJRG,1
8129-GMVGI,0
8132-YPVBX,0
8133-ANHHJ,0
8138-EALND,0
8143-ETQTI,0
8144-DGHXP,0
8146-QQKZH,0
8148-BPLZQ,0
8148-NLEGT,0
8148-WOCMK,0
8149-AIQCG,0
8149-RSOUN,1
8150-QUDFX,0
8152-UOBNY,0
8152-VETUR,0
8155-IBNHG,1
8158-WPEZG,0
8160-HOWOX,0
8161-QYMTT,0
8164-OCKUJ,0
8165-CBKXO,0
8165-ZJRNM,0
8166-ORCHU,0
8166-ZZTFS,1
8167-GJLRN,0
8168-UQWWF,1
8169-SAEJD,0
8173-RXAYP,0
8174-LNWMW,0
8174-TBVCF,0
8178-EYZUO,1
8180-AKMJV,0
8181-YHCMF,0
8182-BJDSI,1
8182-PNAGI,1
8183-ONMXC,1
8184-WMOFI,0
8185-UPYBR,1
8189-DUKMV,0
8189-HBVRW,0
8189-XRIKE,0
8190-ZTQFB,0
8191-XWSZG,0
8194-PEEBY,0
8197-BFWVU,0
8198-RKSZG,0
8199-ZLLSA,1
8200-KLNYW,0
8200-LGKSR,0
8201-AAXCB,0
8203-XJZRC,0
8204-TIFGJ,0
8204-YJCLA,0
8205-MQUGY,0
8205-OTCHB,1
8205-VSLRB,0
8207-DMRVL,0
8207-VVMYB,0
8208-EUMTE,0
8212-CRQXP,0
8212-DJRCH,0
8213-TAZPM,0
8215-NGSPE,0
8216-AZUUZ,0
8217-QYOHV,0
8218-FFJDS,0
8219-VYBVI,0
8220-OCUFY,0
8221-EQDGL,0
8221-HVAYI,0
8224-DWCKX,0
8224-IVVPA,0
8224-KDLKN,0
8224-UAXBZ,0
8225-BTJAU,1
8226-BXGES,0
8229-BUJHX,0
8229-MYEJZ,0
8229-TNIQA,1
8231-BSWXX,0
8232-CTLKO,0
8232-UTFOZ,0
8234-GSZYK,0
8237-ULIXL,0
8241-JUIQO,0
8242-JSVBO,0
8242-PDSGJ,0
8242-SOQUO,0
8245-UMPYT,1
8246-SHFGA,0
8249-THVEC,0
8250-ZNGGW,0
8257-RZAHR,1
8258-GSTJK,1
8259-DZLIZ,0
8259-NFJTV,0
8260-NGFNY,1
8261-GWDBQ,0
8262-COGGB,0
8263-JQAIK,1
8263-OKETD,0
8263-QMNTJ,0
8265-HKSOW,0
8266-VBFQL,0
8267-KFGYD,0
8267-ZNYVZ,1
8268-YDIXR,0
8270-RKSAP,0
8272-ONJLV,0
8276-MQBYC,1
8277-RVRSV,0
8280-MQRQN,1
8285-ABVLB,0
8286-AFUYI,0
8290-YWKHZ,1
8292-FRFZQ,0
8292-ITGYJ,0
8292-TYSPY,1
8294-UIMBA,0
8295-FHIVV,0
8295-KMENE,0
8305-VHZBZ,1
8309-IEYJD,0
8309-PPCED,0
8311-UEUAB,0
8313-AFGBW,0
8313-KTIHG,0
8313-NDOIA,0
8314-DPQHL,0
8314-HTWVE,0
8316-BBQAY,0
8317-BVKSO,0
8318-LCNBW,0
8319-QBEHW,0
8325-QRPZR,0
8327-LZKAS,1
8327-WKMIE,0
8328-SKJNO,0
8329-GWVPJ,0
8329-IBCTI,1
8329-UTMVM,0
8331-ZXFOE,0
8332-OSJDW,0
8336-TAVKX,0
8337-MSSXB,1
8337-UPOAQ,1
8338-QIUNR,0
8344-WFMFH,0
8345-MVDYC,0
8347-GDTMP,0
8348-HFYIV,1
8348-JLBUG,0
8350-NYMVI,0
8356-WUAOJ,0
8357-EQXFO,1
8361-LBRDI,0
8361-LTMKD,1
8364-TRMMK,1
8372-JUXUI,1
8374-UULRV,0
8374-XGEJJ,1
8375-DKEBR,1
8375-KVTHK,0
8378-LKJAF,0
8380-MQINP,0
8380-PEFPE,1
8382-SHQEH,1
8383-SGHJU,0
8384-FZBJK,0
8387-MOJJT,1
8387-UGUSU,0
8388-DMKAE,0
8388-FYNPZ,0
8390-FESFV,0
8393-DLHGA,1
8393-JMVMB,0
8395-ETZKQ,0
8397-MVTAZ,1
8398-TBIYD,0
8399-YNDCH,1
8400-WZICQ,0
8401-EMUWF,0
8402-EIVQS,0
8402-OOOHJ,0
8404-FYDIB,0
8404-GFGCZ,0
8404-VIOMB,0
8404-VLQFB,0
8405-IGQFX,0
8406-LNMHF,0
8409-WQJUX,0
8410-BGQXN,0
8413-VONUO,1
8413-YNHNV,0
8414-MYSHR,1
8414-OOEEL,0
8417-FMLZI,1
8417-GSODA,0
8421-WZOOW,0
8429-XIBUM,1
8430-TWCBX,0
8433-WPJTV,0
8433-WXGNA,1
8434-PNQZX,0
8434-VGEQQ,0
8436-BJUMM,1
8439-LTUGF,0
8441-SHIPE,0
8443-WVPSS,1
8443-ZRDBZ,1
8444-WRIDW,1
8445-DNBAE,0
8450-JOVAH,1
8450-LUGUK,0
8450-UYIBU,0
8454-AATJP,0
8455-HIRAQ,0
8456-QDAVC,0
8457-XIGKN,0
8461-EFQYM,0
8464-EETCQ,0
8465-SBRXP,0
8466-PZBLH,0
8467-WYNSR,0
8468-EHYJA,0
8468-FZTOE,0
8469-SNFFH,0
8473-VUVJN,1
8474-UMLNT,0
8480-PPONV,0
8481-YYXWG,1
8485-GJCDN,1
8486-AYEQH,0
8490-BXHEO,0
8495-LJDFO,0
8495-PRWFH,0
8496-DMZUK,0
8496-EJAUI,1
8498-XXGWA,0
8499-BRXTD,0
8510-AWCXC,1
8510-BBWMU,0
8510-TMWYB,0
8512-WIWYV,0
8513-OLYGY,0
8514-VZHEB,0
8515-OCTJS,1
8519-IMDHU,1
8519-QJGJD,1
8532-UEFWH,0
8535-SFUTN,0
8540-ZQGEA,0
8541-QVFKM,0
8543-MSDMF,0
8544-GOQSH,0
8544-JNBOX,0
8547-NSBBO,0
8548-AWOFC,0
8550-XSXUQ,0
8552-OBVRU,0
8559-CIZFV,1
8559-WNQZS,0
8561-NMTBD,0
8562-GHPPI,0
8563-IIOXK,1
8563-OYMQY,0
8564-LDKFL,0
8565-CLBZW,1
8565-HBFNN,0
8565-WUXZU,0
8566-YPRGL,0
8570-KLJYJ,0
8571-ZCMCX,0
8573-CGOCC,0
8573-JGCZW,0
8577-QSOCG,0
8580-AECUZ,1
8580-QVLOC,1
8582-KRHPJ,0
8584-KMVXD,0
8587-XYZSF,0
8590-OHDIW,0
8590-YFFQO,0
8591-NXRCV,0
8591-TKMZH,0
8592-PLTMQ,0
8593-WHYHV,1
8595-SIZNC,0
8597-CTXVJ,0
8597-CWYHH,0
8601-QACRS,1
8603-IJWDN,1
8605-ITULD,0
8606-CIQUL,0
8606-OEGQZ,0
8608-OZTLB,0
8610-WFCJF,1
8610-ZIKJJ,0
8612-GXIDD,0
8614-VGMMV,1
8617-ENBDS,0
8619-IJNDK,0
8620-RJPZN,0
8621-MNIHH,1
8622-ZLFKO,0
8623-TMRBY,1
8623-ULFNQ,0
8624-GIOUT,1
8625-AZYZY,1
8626-PTQGE,0
8626-XHBIE,0
8627-EHGIP,1
8627-ZYGSZ,0
8628-MFKAX,0
8630-FJLIB,0
8630-QSGXK,0
8631-NBHFZ,1
8631-WUXGY,0
8631-XVRZL,0
8634-CILSZ,1
8634-MPHTR,1
8637-XJIVR,1
8639-NHQEI,0
8640-SDGKB,1
8642-GVWRF,1
8644-XLFBW,1
8644-XYTSV,0
8645-KOMJQ,0
8645-KWHJO,0
8646-JCOMS,0
8647-SDTWQ,0
8648-PFRMP,0
8650-RHRKE,1
8651-ENBZX,1
8652-YHIYU,0
8654-DHAOW,0
8659-HDIYE,0
8659-IOOPU,0
8660-BUETV,0
8661-BOYNW,0
8663-UPDGF,0
8665-UTDHZ,1
8668-KNZTI,0
8670-ERCJH,0
8670-MEFCP,0
8671-KKKOS,0
8672-OAUPW,0
8676-OOQEJ,0
8676-TRMJS,1
8677-HDZEE,0
8679-JOEVF,1
8679-LZBMD,0
8680-CGLTP,0
8681-ICONS,0
8685-WHQPW,1
8687-BAFGU,0
8690-UPCZI,0
8690-ZVLCL,0
8695-ARGXZ,0
8695-WDYEA,0
8696-JKZNU,1
8699-ASUFO,1
8701-DGLVH,0
8705-DWKTI,0
8705-WZCYL,0
8706-HRADD,0
8707-HOEDG,0
8707-RMEZH,0
8708-XPXHZ,1
8709-KRDVL,0
8710-YGLWG,0
8711-LOBKY,0
8713-IGZSO,0
8714-CTZJW,0
8714-EUHJO,1
8715-KKTFG,0
8717-VCTXJ,0
8718-PTMEZ,1
8720-RQSBJ,0
8722-NGNBH,1
8722-PRFDV,0
8725-JEDFD,0
8727-JQFHV,0
8727-XDPUD,0
8728-SKJLR,0
8731-WBBMB,0
8734-DKSTZ,0
8734-FNWVH,0
8735-DCXNF,0
8735-IJJEG,0
8735-NBLWT,0
8735-SDUFN,0
8738-JOKAR,0
8739-QOTTN,0
8739-WWKDU,1
8739-XNIKG,0
8740-CRYFY,1
8740-XLHDR,1
8741-LQOBK,0
8745-PVESG,0
8746-BFOAJ,0
8746-OQQRW,0
8747-UDCOI,0
8748-HFWBO,0
8749-CLJXC,0
8749-JMNKX,1
8749-TZYEC,0
8750-QWZAJ,0
8751-EDEKA,0
8752-GHJFU,0
8752-IMQOS,0
8752-STIVR,1
8755-IWJHN,0
8755-OGKNA,0
8756-RDDLT,0
8757-TFHHJ,0
8760-ZRHKE,0
8761-NSOBC,1
8763-KIAFH,0
8766-PAFNE,0
8769-KKTPH,0
8773-HHUOZ,1
8774-GSBUN,0
8775-CEBBJ,1
8775-ERLNB,0
8775-LHDJH,1
8777-MBMTS,0
8777-PVYGU,0
8778-LMWTJ,0
8779-QRDMV,1
8779-YIQQA,0
8780-IHCRN,0
8780-IXSTS,1
8780-RSYYU,0
8780-YRMTT,0
8782-LKFPK,0
8782-NUUOL,0
8784-CGILN,1
8785-CJSHH,0
8785-EPNCG,1
8788-DOXSU,0
8791-GFXLZ,0
8792-AOROI,0
8799-OXZMD,0
8800-JOOCF,0
8800-ZKRFW,0
8802-UNOJF,1
8805-JNRAZ,0
8806-EAGWC,1
8807-ARQET,0
8807-OPMBM,0
8808-ELEHO,1
8809-RIHDD,1
8809-XKHMD,0
8812-ZRHFP,0
8815-LMFLX,0
8816-VXNZD,1
8818-DOPVL,0
8818-XYFCQ,1
8819-IMISP,0
8819-WFGGJ,0
8819-ZBYNA,0
8821-KVZKQ,0
8821-XNHVZ,1
8822-KNBHV,0
8823-RLPWL,0
8824-RWFXJ,1
8835-VSDSE,1
8837-VVWLQ,1
8838-GPHZP,0
8840-DQLGN,1
8844-TONUD,1
8845-LWKGE,0
8847-GEOOQ,0
8849-AYPTR,0
8849-GYOKR,1
8849-PRIQJ,0
8851-RAGOV,0
8853-TZDGH,0
8854-CCVSQ,1
8857-CUPFQ,0
8859-AXJZP,0
8859-DZTGQ,0
8859-YSTWS,0
8861-HGGKB,1
8865-TNMNX,0
8868-GAGIO,0
8868-WOZGU,1
8869-LIHMK,0
8869-TORSS,1
8871-JLMHM,0
8873-GLDMH,0
8873-TMKGR,0
8874-EJNSR,0
8875-AKBYH,0
8878-HMWBV,1
8878-RYUKI,0
8879-XUAHX,0
8879-ZKJOF,0
8882-TLVRW,0
8883-ANODQ,0
8883-GRDWQ,0
8884-ADFVN,1
8884-FEEWR,0
8884-MRNSU,0
8885-QSQBX,0
8887-IPQNC,0
8894-JVDCV,0
8896-BQTTI,0
8896-RAZCR,0
8898-KASCD,0
8901-HJXTF,1
8901-UPRHR,0
8902-ZEOVF,0
8903-WMRNW,0
8903-XEBGX,0
8904-OPDCK,0
8905-IAZPF,0
8908-NMQTX,0
8908-SLFCJ,0
8909-BOLNL,0
8910-ICHIU,0
8910-LEDAG,0
8914-RBTSB,1
8915-NNTRC,0
8917-FAEMR,0
8917-SZTTJ,0
8919-FYFQZ,1
8920-NAVAY,0
8922-LIEGH,1
8922-NPKBJ,0
8929-KSWIH,0
8930-XOTDP,0
8931-GJJIQ,1
8932-CZHRQ,0
8937-RDTHP,1
8938-UMKPI,1
8942-DBMHZ,0
8943-URTMR,1
8944-AILEF,0
8945-GRKHX,1
8945-MUQUF,1
8946-BFWSG,0
8947-YRTDV,0
8949-JTMAY,1
8950-MTZNV,0
8952-WCVCD,0
8957-THMOA,0
8958-JPTRR,0
8961-QDZZJ,0
8963-JLGJT,0
8963-MQVYN,0
8966-KZXXA,0
8966-OIQHG,0
8966-SNIZF,0
8967-SZQAS,0
8969-PRHFK,0
8970-ANWXO,0
8972-HJWNV,1
8974-OVACP,0
8975-SKGRX,0
8976-OQHGT,1
8979-CAMGB,0
8980-WQFWL,0
8981-FJGLA,0
8982-NHAVY,0
8984-EYLLL,0
8984-HPEMB,0
8985-OOPOS,0
8988-ECPJR,1
8990-YOZLV,0
8990-ZXLSU,0
8992-CEUEN,0
8992-JQYUN,1
8992-OBVDG,0
8992-VONJD,0
8993-IZEUX,0
8993-PHFWD,1
8996-ZROXE,0
8999-BOHSE,1
8999-EXMNO,0
8999-XXGNS,0
8999-YPYBV,0
9000-PLFUZ,0
9003-CPATH,0
9013-AQORL,0
9018-PCIOK,0
9019-QVLZD,1
9025-AOMKI,1
9025-ZRPVR,1
9026-LHEVG,0
9026-RNUJS,1
9027-TMATR,0
9027-YFHQJ,0
9028-LIHRP,0
9029-FEGVJ,0
9030-QGZNL,0
9031-ZVQPT,0
9033-EOXWV,1
9036-CSKBW,0
9039-RBEEE,1
9039-ZVJDC,0
9040-KZVWO,0
9046-DQMTP,0
9046-JBFWA,0
9048-JVYVF,1
9050-IKDZA,0
9050-QLROH,1
9052-DHNKM,0
9052-VKDUW,0
9053-EJUNL,0
9053-JZFKV,1
9054-FOWNV,0
9055-MOJJJ,0
9057-MSWCO,1
9057-SIHCH,1
9058-CBREO,1
9058-HRZSV,0
9058-MJLZC,0
9060-HJJRW,0
9061-TIHDA,1
9063-ZGTUY,1
9065-ZCPQX,0
9066-QRSDU,0
9067-SQTNS,0
9067-YGSCA,0
9068-FHQHD,0
9068-VPWQQ,0
9069-LGEUL,0
9070-BCKQP,0
9073-ZZIAY,0
9074-KGVOX,0
9076-AXYIK,0
9079-LWTFD,0
9079-YEXQJ,1
9081-WWXKP,0
9084-OAYKL,0
9086-YJYXS,0
9087-EYCPR,0
9089-UOWJG,0
9090-SGQXL,1
9091-WTUUY,0
9092-GDZKO,0
9093-FPDLG,0
9094-AZPHK,0
9095-HFAFX,1
9097-ZUBYC,0
9099-FTUHS,0
9101-BWFSS,1
9101-NTIXF,0
9102-IAYHT,1
9102-OXKFY,0
9103-CXVOK,0
9103-TCIHJ,1
9107-UKCKY,0
9108-EJFJP,0
9108-EQPNQ,0
9110-HSGTV,0
9112-WSNPU,0
9114-AAFQH,0
9114-DPSIA,0
9114-VEPUF,0
9115-YQHGA,0
9117-SHLZX,1
9121-PHQSR,0
9122-UMROB,0
9124-LHCJQ,1
9127-FHJBZ,0
9127-QRZMH,0
9128-CPXKI,0
9129-UXERG,0
9133-AYJZG,0
9134-CEQMF,1
9134-WYRVP,0
9135-HSWOC,0
9135-MGVPY,0
9136-ALYBR,1
9137-NOQKA,0
9137-UIYPG,0
9138-EFSMO,0
9139-TWBAS,0
9139-WQQDY,1
9140-CZQZZ,0
9142-KZXOP,0
9142-XMYJH,0
9143-CANJF,0
9146-JRIOX,0
9150-HEPMB,0
9150-KPBJQ,0
9152-AMKAK,0
9153-BTBVV,0
9154-QDGTH,0
9158-VCTQB,1
9163-GHAYE,0
9167-APMXZ,0
9168-INPSZ,0
9169-BSVIN,0
9170-ARBTB,0
9170-CCKOU,1
9170-GYZJC,1
9172-ANCRX,1
9172-JITSM,1
9173-IVZVP,0
9174-FKWZE,1
9174-IHETN,0
9178-JHUVJ,0
9184-GALIL,0
9185-TQCVP,1
9189-JWSHV,1
9190-MFJLN,1
9191-MYQKX,1
9194-GFVOI,0
9199-PWQVC,0
9200-NLNPD,0
9206-GVPEQ,1
9207-ZPANB,0
9208-OLGAQ,0
9209-NWPGU,0
9210-IAHGH,1
9214-EKVXR,0
9220-CXRSC,0
9220-ZNKJI,0
9221-OTIVJ,1
9223-UCPVT,1
9224-VTYID,0
9225-BZLNZ,0
9227-LUNBG,1
9227-UAQFT,0
9227-YBAXE,0
9229-RQABD,0
9231-ZJYAM,1
9233-PSYHO,0
9236-NDUCW,0
9237-HQITU,1
9239-GZHZE,0
9239-ZBZZV,1
9242-TKFSV,0
9244-ZVAPM,0
9248-OJYKK,1
9249-FXSCK,1
9250-WYPLL,1
9251-AWQGT,0
9251-WNSOD,0
9253-QXKBE,1
9253-VIFJQ,0
9254-RBFON,1
9256-JTBNZ,0
9257-AZMTZ,0
9258-CNWAC,0
9259-PACGQ,1
9261-WDCAF,0
9269-CQOOL,1
9272-LSVYH,0
9274-CNFMO,1
9274-UARKJ,0
9277-JOOMO,0
9278-VZKCD,0
9279-CJEOJ,0
9281-CEDRU,0
9281-OFDMF,0
9281-PKKZE,0
9282-IZGQK,1
9283-LZQOH,1
9286-BHDQG,0
9286-DOJGF,1
9289-LBQVU,0
9290-SHCMB,0
9294-TDIPC,0
9297-EONCV,0
9297-FVVDH,0
9298-WGMRW,0
9300-AGZNL,1
9300-RENDD,1
9305-CDSKC,1
9306-CPCBC,1
9308-ANMVE,0
9309-BZGNT,0
9313-CDOGY,0
9313-QOLTZ,0
9314-IJWSQ,0
9314-QDMDW,0
9317-WZPGV,1
9318-NKNFC,1
9323-HGFWY,0
9327-QSDED,0
9330-DHBFL,0
9330-IJWIO,1
9330-VOFSZ,0
9332-GYWLO,0
9334-GWGOW,0
9337-SRRNI,0
9339-FIIJL,0
9342-VNIMQ,0
9347-AERRL,0
9348-ROUAI,0
9348-YVOMK,0
9350-VLHMB,0
9350-ZXYJC,0
9351-HXDMR,0
9351-LZYGF,0
9355-NPPFS,0
9356-AXGMP,0
9357-UJRUN,0
9359-JANWS,0
9359-UGBTK,0
9360-AHGNL,1
9360-OMDZZ,0
9361-YNQWJ,0
9362-MWODR,0
9364-YKUVW,0
9365-CSLBQ,0
9365-SRSZE,0
9367-OIUXP,0
9367-TCUYN,0
9367-WXLCH,1
9369-XFEHK,1
9371-BITHB,0
9372-TXXPS,0
9373-WSLOY,0
9374-YOLBJ,0
9375-MHRRS,0
9378-FXTIZ,1
9381-NDKME,1
9385-EHGDO,0
9385-NXKDA,0
9386-LDCZR,0
9388-ZEYVT,0
9389-ACWBI,0
9391-DXGGG,0
9391-EOYLI,1
9391-LMANN,0
9391-TTOYH,0
9391-YZEJW,0
9392-XBGTD,0
9396-ZSFLL,0
9397-TZSHA,0
9398-MMQTO,0
9399-APLBT,1
9402-CXWPL,0
9402-ORRAH,0
9402-ROUMJ,0
9405-GPBBG,0
9408-HRXRK,0
9408-SSNVZ,1
9411-TPQQV,0
9412-ARGBX,1
9412-GHEEC,1
9415-DPEWS,1
9415-TPKRV,0
9415-ZNBSX,0
9418-RUKPH,0
9419-IPPBE,0
9420-LOJKX,1
9424-CMPOG,0
9426-SXNHE,0
9430-FRQOC,1
9430-NKQLY,0
9432-RUVSL,0
9432-VOFYX,0
9435-JMLSX,0
9436-ZBZCT,1
9441-QHEVC,0
9442-JTWDL,0
9443-JUBUO,0
9444-JTXHZ,1
9445-SZLCH,1
9445-ZUEQE,0
9447-YPTBX,0
9448-REEVD,1
9450-TRJUU,0
9451-LPGOO,1
9451-WLYRI,0
9453-PATOS,0
9462-MJUAW,1
9465-RWMXL,1
9467-ROOLM,0
9469-WEJBT,0
9470-RTWDV,0
9470-XCCEM,0
9470-YFUYI,0
9473-CBZOP,0
9474-PHLYD,1
9475-NNDGC,0
9477-LGWQI,0
9479-HYNYL,0
9480-BQJEI,0
9481-IEBZY,0
9481-SFCQY,0
9481-WHGWY,0
9483-GCPWE,0
9488-FVZCC,0
9488-FYQAU,0
9488-HGMJH,1
9489-DEDVP,0
9489-JMTTN,0
9489-UTFKA,0
9490-DFPMD,1
9492-TOKRI,1
9494-BDNNC,0
9494-MRNYX,0
9495-REDIY,0
9495-SKLKD,0
9496-IVVRP,0
9497-QCMMS,1
9498-FIMXL,0
9499-XPZXM,0
9500-IWPXQ,0
9500-LTVBP,0
9500-WBGRP,0
9501-UKKNL,0
9503-XJUME,0
9504-DSHWM,0
9504-YAZWB,0
9505-SQFSW,0
9506-UXUSK,0
9507-EXLTT,1
9507-HSMMZ,0
9508-ILZDG,0
9509-MPYOD,0
9512-PHSMG,0
9512-UIBFX,1
9513-DXHDA,0
9514-JDSKI,1
9518-IMLHK,0
9518-RWHZL,1
9518-XXBXE,0
9522-BNTHX,0
9522-ZSINC,0
9524-EGPJC,1
9526-BIHHD,1
9526-JAWYF,1
9529-OFXHY,0
9530-EHPOH,1
9530-GRMJG,0
9531-NSBMR,0
9534-NSXEM,0
9537-JALFH,0
9537-VHDTA,0
9540-JYROE,1
9541-PWTWO,0
9541-ZPSEA,0
9544-PYPSJ,0
9546-CQJSU,1
9546-KDTRB,0
9547-ITEFG,0
9548-LERKT,0
9548-LIGTA,0
9548-ZMVTX,0
9552-TGUZV,0
9553-DLCLU,0
9554-DFKIC,0
9555-SAHUZ,0
9558-IHEZX,0
9560-ARGQJ,1
9560-BBZXK,0
9564-KCLHR,1
9565-AXSMR,0
9565-DJPIB,1
9565-FLVCG,0
9565-JSNFM,1
9570-KYEUA,0
9571-EDEBV,0
9572-MTILT,1
9572-WUKSB,0
9574-BOSMD,0
9574-RKJIF,1
9575-IWCAZ,0
9576-ANLXO,1
9576-SYUHJ,0
9577-WJVCQ,0
9578-FOMUK,0
9578-VRMNM,1
9581-GVBXT,0
9584-EXCDZ,0
9585-KKMFD,0
9586-JGQKH,0
9588-OZDMQ,0
9588-YRFHY,0
9589-ABEPT,0
9591-YVTEB,0
9592-ERDKV,0
9593-CVZKR,0
9600-NAXZN,1
9600-UDOPK,1
9601-BRXPO,1
9602-WCXPI,0
9603-OAIHC,0
9605-WGJVW,0
9606-PBKBQ,1
9609-BENEA,0
9610-WCESF,0
9611-CTWIH,1
9614-RMGHA,1
9617-INGJY,0
9617-UDPEU,0
9618-LFJRU,0
9619-GSATL,0
9620-ENEJV,0
9620-QJREV,0
9621-OUPYD,0
9624-EGDEQ,0
9625-QNLUX,0
9625-QSTYE,1
9625-RZFUK,0
9626-VFRGG,0
9626-WEQRM,0
9629-NHXFW,0
9631-RXVJM,0
9631-XEYKE,0
9633-DENPU,0
9633-XQABV,0
9637-CDTKZ,0
9637-EIHEQ,1
9638-JIQYA,0
9639-BUJXT,0
9640-ZSLDC,0
9643-AVVWI,0
9643-YBLUR,0
9644-KVCNC,0
9644-UMGQA,0
9646-NMHXE,0
9647-ERGBE,1
9648-BCHKM,0
9650-VBUOG,0
9651-GTSAQ,1
9658-WYUFB,1
9659-QEQSY,0
9659-ZTWSM,0
9661-ACXBS,1
9661-JALZV,0
9661-MHUMO,1
9667-EQRXU,1
9667-TKTVZ,0
9668-PUGNU,0
9670-BPNXF,0
9674-EHPPG,0
9675-ICXCT,0
9677-AVKED,0
9680-NIAUV,0
9681-KYGYB,0
9681-OXGVC,1
9685-WKZGT,1
9688-YGXVR,0
9689-PTNPG,1
9691-HKOVS,0
9692-TUSXH,1
9693-XMUOB,0
9695-IDRZR,0
9696-RMYBA,0
9699-UBQFS,0
9700-ISPUP,0
9700-ZCLOT,0
9701-CDXHR,0
9702-AIUJO,0
9705-IOVQQ,0
9705-ZJBCG,0
9708-HPXWZ,0
9708-KFDBY,0
9710-NJERN,0
9710-ZUSHQ,1
9711-FJTBX,0
9714-EDSUC,0
9715-SBVSU,0
9715-WZCLW,0
9717-IOAAF,0
9717-QEBGU,0
9720-JJJOR,0
9722-UJOJR,1
9725-SCPZG,1
9728-FTTVZ,1
9730-DRTMJ,0
9732-EQMWY,0
9732-KPKBW,1
9732-OUYRN,0
9734-UYXQI,1
9734-YWGEX,1
9738-QLWTP,0
9739-JLPQJ,0
9741-YLNTD,0
9742-XOKTS,0
9743-DQKQW,0
9746-MDMBK,0
9746-UGFAC,0
9746-YKGXB,0
9747-DDZOS,1
9750-BOOHV,0
9752-ZNQUT,0
9753-OYLBX,0
9754-CLVZW,0
9755-JHNMN,0
9758-MFWGD,0
9761-XUJWD,0
9762-YAQAA,0
9763-GRSKD,0
9763-PDTKK,1
9764-REAFF,0
9766-HGEDE,0
9767-FFLEM,0
9769-TSBZE,0
9770-KXGQU,0
9770-LXDBK,0
9773-PEQBZ,0
9774-NRNAU,0
9776-CLUJA,1
9776-OJUZI,0
9777-IQHWP,0
9777-WJJPR,0
9778-OGKQZ,0
9779-DPNEJ,0
9780-FKVVF,0
9782-LGXMC,0
9786-IJYDL,0
9786-YWNHU,0
9787-XVQIU,1
9788-HNGUT,0
9788-YTFGE,0
9793-WECQC,0
9795-NREXC,0
9795-SHUHB,0
9795-VOWON,0
9796-BPKIW,0
9796-MVYXX,0
9798-DRYDS,0
9798-OPFEM,0
9799-CAYJJ,0
9800-ONTFE,0
9800-OUIGR,0
9801-GDWGV,1
9801-NOSHQ,0
9802-CAQUT,0
9803-FTJCG,0
9804-ICWBG,1
9805-FILKB,0
9809-IMGCQ,1
9812-GHVRI,0
9814-AOUDH,0
9817-APLHW,0
9818-XQCUV,0
9819-FBNSV,0
9820-RMCQV,1
9821-BESNZ,0
9821-POOTN,1
9822-BIIGN,0
9822-OAOVB,0
9822-WMWVG,0
9823-EALYC,0
9824-BEMCV,1
9824-QCJPK,0
9825-YCXWZ,0
9828-AOQLM,1
9828-QHFBK,0
9830-ECLEN,0
9831-BPFRI,1
9833-TGFHX,0
9835-ZIITK,1
9837-BMCLM,1
9837-FWLCH,0
9838-BFCQT,0
9839-ETQOE,0
9840-DVNDC,1
9840-EFJQB,0
9842-EFSYY,0
9844-FELAJ,0
9845-PEEKO,0
9845-QOMAD,0
9846-GKXAS,1
9847-HNVGP,0
9848-JQJTX,0
9850-OWRHQ,1
9851-KIELU,1
9851-QXEEQ,1
9853-JFZDU,0
9860-LISIZ,0
9861-PDSZP,0
9862-KJTYK,0
9863-JZAIC,1
9866-OCCKE,0
9866-QEVEE,1
9867-JCZSP,0
9867-NNXLC,0
9867-XOBQA,0
9871-ELEYA,0
9873-MNDKV,0
9874-QLCLH,1
9878-TNQGW,1
9880-TDQAC,0
9881-VCZEP,0
9885-AIBVB,0
9885-CSMWE,1
9885-MFVSU,0
9888-ZCUMM,0
9889-TMAHG,1
9891-NQDBD,0
9894-EZEWG,1
9894-QMIMJ,0
9895-VFOXH,0
9896-UYMIE,0
9897-KXHCM,1
9898-KZQDZ,1
9903-LYSAB,0
9904-EHEVJ,0
9906-NHHVC,0
9907-SWKKF,1
9909-DFRJA,0
9909-IDLEK,0
9912-GVSEQ,1
9912-OMZDS,0
9916-AYHTC,0
9917-KWRBE,0
9919-FZDED,0
9919-KNPOO,0
9919-YLNNG,0
9921-EZKBY,0
9921-QFQUL,0
9921-ZVRHG,1
9924-JPRMC,0
9926-PJHDQ,0
9927-DSWDF,0
9928-BZVLZ,0
9929-PLVPA,0
9931-DCEZH,0
9931-KGHOA,0
9932-WBWIK,0
9933-QRGTX,0
9938-EKRGF,0
9938-PRCVK,0
9938-TKDGL,0
9938-ZREHM,0
9940-HPQPG,1
9940-RHLFB,1
9943-VSZUV,0
9944-AEXBM,0
9944-HKVVB,1
9945-PSVIP,0
9947-OTFQU,1
9948-YPTDG,1
9950-MTGYX,0
9953-ZMKSM,0
9955-QOPOY,0
9957-YODKZ,0
9958-MEKUC,0
9959-WOFKT,0
9961-JBNMK,1
9962-BFPDU,0
9964-WBQDJ,0
9965-YOKZB,1
9967-ATRFS,0
9968-FFVVH,0
9970-QBCDA,0
9971-ZWPBF,0
9972-EWRJS,0
9972-NKTFD,0
9972-VAFJJ,0
9974-JFBHQ,0
9975-GPKZU,0
9975-SKRNR,0
9978-HYCIN,0
9979-RGMZT,0
9985-MWVIX,1
9986-BONCE,1
9987-LUTYD,0
9992-RRAMN,1
9992-UJOEL,0
9993-LHIEB,0
9995-HOTOH,0
